-- phpMyAdmin SQL Dump
-- version 5.2.1
-- https://www.phpmyadmin.net/
--
-- Host: localhost
-- Generation Time: May 10, 2024 at 08:02 AM
-- Server version: 10.4.28-MariaDB
-- PHP Version: 8.2.4

SET SQL_MODE = "NO_AUTO_VALUE_ON_ZERO";
START TRANSACTION;
SET time_zone = "+00:00";


/*!40101 SET @OLD_CHARACTER_SET_CLIENT=@@CHARACTER_SET_CLIENT */;
/*!40101 SET @OLD_CHARACTER_SET_RESULTS=@@CHARACTER_SET_RESULTS */;
/*!40101 SET @OLD_COLLATION_CONNECTION=@@COLLATION_CONNECTION */;
/*!40101 SET NAMES utf8mb4 */;

--
-- Database: `main_database`
--

-- --------------------------------------------------------

--
-- Table structure for table `accounts`
--

CREATE TABLE `accounts` (
  `userid` int(11) NOT NULL,
  `username` tinytext NOT NULL,
  `password` tinytext NOT NULL,
  `displayName` tinytext DEFAULT '',
  `email` tinytext NOT NULL,
  `aboutMe` mediumtext DEFAULT '',
  `permissionLevel` int(11) NOT NULL DEFAULT 0,
  `create_at` datetime NOT NULL DEFAULT current_timestamp()
) ENGINE=InnoDB DEFAULT CHARSET=utf8mb4 COLLATE=utf8mb4_general_ci;

--
-- Dumping data for table `accounts`
--

INSERT INTO `accounts` (`userid`, `username`, `password`, `displayName`, `email`, `aboutMe`, `permissionLevel`, `create_at`) VALUES
(1, 'user1', 'password1', 'User One', 'user1@example.com', 'About User One', 0, '2024-05-09 02:04:33'),
(2, 'user2', 'password2', 'User Two', 'user2@example.com', 'About User Two', 0, '2024-05-09 02:04:33'),
(3, 'user3', 'password3', 'User Three', 'user3@example.com', 'About User Three', 0, '2024-05-09 02:04:33'),
(4, 'user4', 'password4', 'User Four', 'user4@example.com', 'About User Four', 0, '2024-05-09 02:04:33'),
(5, 'user5', 'password5', 'User Five', 'user5@example.com', 'About User Five', 0, '2024-05-09 02:04:33'),
(6, 'user6', 'password6', 'User Six', 'user6@example.com', 'About User Six', 0, '2024-05-09 02:04:33'),
(7, 'user7', 'password7', 'User Seven', 'user7@example.com', 'About User Seven', 0, '2024-05-09 02:04:33'),
(8, 'user8', 'password8', 'User Eight', 'user8@example.com', 'About User Eight', 0, '2024-05-09 02:04:33'),
(9, 'user9', 'password9', 'User Nine', 'user9@example.com', 'About User Nine', 0, '2024-05-09 02:04:33'),
(10, 'user10', 'password10', 'User Ten', 'user10@example.com', 'About User Ten', 0, '2024-05-09 02:04:33'),
(11, 'user11', 'password11', 'User Eleven', 'user11@example.com', 'About User Eleven', 0, '2024-05-09 02:04:33'),
(12, 'user12', 'password12', 'User Twelve', 'user12@example.com', 'About User Twelve', 0, '2024-05-09 02:04:33'),
(13, 'user13', 'password13', 'User Thirteen', 'user13@example.com', 'About User Thirteen', 0, '2024-05-09 02:04:33'),
(14, 'user14', 'password14', 'User Fourteen', 'user14@example.com', 'About User Fourteen', 0, '2024-05-09 02:04:33'),
(15, 'user15', 'password15', 'User Fifteen', 'user15@example.com', 'About User Fifteen', 0, '2024-05-09 02:04:33'),
(16, 'user16', 'password16', 'User Sixteen', 'user16@example.com', 'About User Sixteen', 0, '2024-05-09 02:04:33'),
(17, 'user17', 'password17', 'User Seventeen', 'user17@example.com', 'About User Seventeen', 0, '2024-05-09 02:04:33'),
(18, 'user18', 'password18', 'User Eighteen', 'user18@example.com', 'About User Eighteen', 0, '2024-05-09 02:04:33'),
(19, 'user19', 'password19', 'User Nineteen', 'user19@example.com', 'About User Nineteen', 0, '2024-05-09 02:04:33'),
(20, 'user20', 'password20', 'User Twenty', 'user20@example.com', 'About User Twenty', 0, '2024-05-09 02:04:33'),
(21, 'user21', 'password21', 'User Twenty-One', 'user21@example.com', 'About User Twenty-One', 0, '2024-05-09 02:04:33'),
(22, 'user22', 'password22', 'User Twenty-Two', 'user22@example.com', 'About User Twenty-Two', 0, '2024-05-09 02:04:33'),
(23, 'user23', 'password23', 'User Twenty-Three', 'user23@example.com', 'About User Twenty-Three', 0, '2024-05-09 02:04:33'),
(24, 'user24', 'password24', 'User Twenty-Four', 'user24@example.com', 'About User Twenty-Four', 0, '2024-05-09 02:04:33'),
(25, 'user25', 'password25', 'User Twenty-Five', 'user25@example.com', 'About User Twenty-Five', 0, '2024-05-09 02:04:33'),
(26, 'user26', 'password26', 'User Twenty-Six', 'user26@example.com', 'About User Twenty-Six', 0, '2024-05-09 02:04:33'),
(27, 'user27', 'password27', 'User Twenty-Seven', 'user27@example.com', 'About User Twenty-Seven', 0, '2024-05-09 02:04:33'),
(28, 'user28', 'password28', 'User Twenty-Eight', 'user28@example.com', 'About User Twenty-Eight', 0, '2024-05-09 02:04:33'),
(29, 'user29', 'password29', 'User Twenty-Nine', 'user29@example.com', 'About User Twenty-Nine', 0, '2024-05-09 02:04:33'),
(30, 'user30', 'password30', 'User Thirty', 'user30@example.com', 'About User Thirty', 0, '2024-05-09 02:04:33'),
(31, 'user31', 'password31', 'User Thirty-One', 'user31@example.com', 'About User Thirty-One', 0, '2024-05-09 02:04:33'),
(32, 'user32', 'password32', 'User Thirty-Two', 'user32@example.com', 'About User Thirty-Two', 0, '2024-05-09 02:04:33'),
(33, 'user33', 'password33', 'User Thirty-Three', 'user33@example.com', 'About User Thirty-Three', 0, '2024-05-09 02:04:33'),
(34, 'user34', 'password34', 'User Thirty-Four', 'user34@example.com', 'About User Thirty-Four', 0, '2024-05-09 02:04:33'),
(35, 'user35', 'password35', 'User Thirty-Five', 'user35@example.com', 'About User Thirty-Five', 0, '2024-05-09 02:04:33'),
(36, 'user36', 'password36', 'User Thirty-Six', 'user36@example.com', 'About User Thirty-Six', 0, '2024-05-09 02:04:33'),
(37, 'user37', 'password37', 'User Thirty-Seven', 'user37@example.com', 'About User Thirty-Seven', 0, '2024-05-09 02:04:33'),
(38, 'user38', 'password38', 'User Thirty-Eight', 'user38@example.com', 'About User Thirty-Eight', 0, '2024-05-09 02:04:33'),
(39, 'user39', 'password39', 'User Thirty-Nine', 'user39@example.com', 'About User Thirty-Nine', 0, '2024-05-09 02:04:33'),
(40, 'user40', 'password40', 'User Forty', 'user40@example.com', 'About User Forty', 0, '2024-05-09 02:04:33'),
(41, 'user41', 'password41', 'User Forty-One', 'user41@example.com', 'About User Forty-One', 0, '2024-05-09 02:04:33'),
(42, 'user42', 'password42', 'User Forty-Two', 'user42@example.com', 'About User Forty-Two', 0, '2024-05-09 02:04:33'),
(43, 'user43', 'password43', 'User Forty-Three', 'user43@example.com', 'About User Forty-Three', 0, '2024-05-09 02:04:33'),
(44, 'user44', 'password44', 'User Forty-Four', 'user44@example.com', 'About User Forty-Four', 0, '2024-05-09 02:04:33'),
(45, 'user45', 'password45', 'User Forty-Five', 'user45@example.com', 'About User Forty-Five', 0, '2024-05-09 02:04:33'),
(46, 'user46', 'password46', 'User Forty-Six', 'user46@example.com', 'About User Forty-Six', 0, '2024-05-09 02:04:33'),
(47, 'user47', 'password47', 'User Forty-Seven', 'user47@example.com', 'About User Forty-Seven', 0, '2024-05-09 02:04:33'),
(48, 'user48', 'password48', 'User Forty-Eight', 'user48@example.com', 'About User Forty-Eight', 0, '2024-05-09 02:04:33'),
(49, 'user49', 'password49', 'User Forty-Nine', 'user49@example.com', 'About User Forty-Nine', 0, '2024-05-09 02:04:33'),
(50, 'user50', 'password50', 'User Fifty', 'user50@example.com', 'About User Fifty', 0, '2024-05-09 02:04:33'),
(51, 'user51', 'password51', 'User Fifty-One', 'user51@example.com', 'About User Fifty-One', 0, '2024-05-09 02:04:33'),
(52, 'user52', 'password52', 'User Fifty-Two', 'user52@example.com', 'About User Fifty-Two', 0, '2024-05-09 02:04:33'),
(53, 'user53', 'password53', 'User Fifty-Three', 'user53@example.com', 'About User Fifty-Three', 0, '2024-05-09 02:04:33'),
(54, 'user54', 'password54', 'User Fifty-Four', 'user54@example.com', 'About User Fifty-Four', 0, '2024-05-09 02:04:33'),
(55, 'user55', 'password55', 'User Fifty-Five', 'user55@example.com', 'About User Fifty-Five', 0, '2024-05-09 02:04:33'),
(56, 'user56', 'password56', 'User Fifty-Six', 'user56@example.com', 'About User Fifty-Six', 0, '2024-05-09 02:04:33'),
(57, 'user57', 'password57', 'User Fifty-Seven', 'user57@example.com', 'About User Fifty-Seven', 0, '2024-05-09 02:04:33'),
(58, 'user58', 'password58', 'User Fifty-Eight', 'user58@example.com', 'About User Fifty-Eight', 0, '2024-05-09 02:04:33'),
(59, 'user59', 'password59', 'User Fifty-Nine', 'user59@example.com', 'About User Fifty-Nine', 0, '2024-05-09 02:04:33'),
(60, 'user60', 'password60', 'User Sixty', 'user60@example.com', 'About User Sixty', 0, '2024-05-09 02:04:33'),
(61, 'user61', 'password61', 'User Sixty-One', 'user61@example.com', 'About User Sixty-One', 0, '2024-05-09 02:04:33'),
(62, 'user62', 'password62', 'User Sixty-Two', 'user62@example.com', 'About User Sixty-Two', 0, '2024-05-09 02:04:33'),
(63, 'user63', 'password63', 'User Sixty-Three', 'user63@example.com', 'About User Sixty-Three', 0, '2024-05-09 02:04:33'),
(64, 'user64', 'password64', 'User Sixty-Four', 'user64@example.com', 'About User Sixty-Four', 0, '2024-05-09 02:04:33'),
(65, 'user65', 'password65', 'User Sixty-Five', 'user65@example.com', 'About User Sixty-Five', 0, '2024-05-09 02:04:33'),
(66, 'user66', 'password66', 'User Sixty-Six', 'user66@example.com', 'About User Sixty-Six', 0, '2024-05-09 02:04:33'),
(67, 'user67', 'password67', 'User Sixty-Seven', 'user67@example.com', 'About User Sixty-Seven', 0, '2024-05-09 02:04:33'),
(68, 'user68', 'password68', 'User Sixty-Eight', 'user68@example.com', 'About User Sixty-Eight', 0, '2024-05-09 02:04:33'),
(69, 'user69', 'password69', 'User Sixty-Nine', 'user69@example.com', 'About User Sixty-Nine', 0, '2024-05-09 02:04:33'),
(70, 'user70', 'password70', 'User Seventy', 'user70@example.com', 'About User Seventy', 0, '2024-05-09 02:04:33'),
(71, 'user71', 'password71', 'User Seventy-One', 'user71@example.com', 'About User Seventy-One', 0, '2024-05-09 02:04:33'),
(72, 'user72', 'password72', 'User Seventy-Two', 'user72@example.com', 'About User Seventy-Two', 0, '2024-05-09 02:04:33'),
(73, 'user73', 'password73', 'User Seventy-Three', 'user73@example.com', 'About User Seventy-Three', 0, '2024-05-09 02:04:33'),
(74, 'user74', 'password74', 'User Seventy-Four', 'user74@example.com', 'About User Seventy-Four', 0, '2024-05-09 02:04:33'),
(75, 'user75', 'password75', 'User Seventy-Five', 'user75@example.com', 'About User Seventy-Five', 0, '2024-05-09 02:04:33'),
(76, 'user76', 'password76', 'User Seventy-Six', 'user76@example.com', 'About User Seventy-Six', 0, '2024-05-09 02:04:33'),
(77, 'user77', 'password77', 'User Seventy-Seven', 'user77@example.com', 'About User Seventy-Seven', 0, '2024-05-09 02:04:33'),
(78, 'user78', 'password78', 'User Seventy-Eight', 'user78@example.com', 'About User Seventy-Eight', 0, '2024-05-09 02:04:33'),
(79, 'user79', 'password79', 'User Seventy-Nine', 'user79@example.com', 'About User Seventy-Nine', 0, '2024-05-09 02:04:33'),
(80, 'user80', 'password80', 'User Eighty', 'user80@example.com', 'About User Eighty', 0, '2024-05-09 02:04:33'),
(81, 'user81', 'password81', 'User Eighty-One', 'user81@example.com', 'About User Eighty-One', 0, '2024-05-09 02:04:33'),
(82, 'user82', 'password82', 'User Eighty-Two', 'user82@example.com', 'About User Eighty-Two', 0, '2024-05-09 02:04:33'),
(83, 'user83', 'password83', 'User Eighty-Three', 'user83@example.com', 'About User Eighty-Three', 0, '2024-05-09 02:04:33'),
(84, 'user84', 'password84', 'User Eighty-Four', 'user84@example.com', 'About User Eighty-Four', 0, '2024-05-09 02:04:33'),
(85, 'user85', 'password85', 'User Eighty-Five', 'user85@example.com', 'About User Eighty-Five', 0, '2024-05-09 02:04:33'),
(86, 'user86', 'password86', 'User Eighty-Six', 'user86@example.com', 'About User Eighty-Six', 0, '2024-05-09 02:04:33'),
(87, 'user87', 'password87', 'User Eighty-Seven', 'user87@example.com', 'About User Eighty-Seven', 0, '2024-05-09 02:04:33'),
(88, 'user88', 'password88', 'User Eighty-Eight', 'user88@example.com', 'About User Eighty-Eight', 0, '2024-05-09 02:04:33'),
(89, 'user89', 'password89', 'User Eighty-Nine', 'user89@example.com', 'About User Eighty-Nine', 0, '2024-05-09 02:04:33'),
(90, 'user90', 'password90', 'User Ninety', 'user90@example.com', 'About User Ninety', 0, '2024-05-09 02:04:33'),
(91, 'user91', 'password91', 'User Ninety-One', 'user91@example.com', 'About User Ninety-One', 0, '2024-05-09 02:04:33'),
(92, 'user92', 'password92', 'User Ninety-Two', 'user92@example.com', 'About User Ninety-Two', 0, '2024-05-09 02:04:33'),
(93, 'user93', 'password93', 'User Ninety-Three', 'user93@example.com', 'About User Ninety-Three', 0, '2024-05-09 02:04:33'),
(94, 'user94', 'password94', 'User Ninety-Four', 'user94@example.com', 'About User Ninety-Four', 0, '2024-05-09 02:04:33'),
(95, 'user95', 'password95', 'User Ninety-Five', 'user95@example.com', 'About User Ninety-Five', 0, '2024-05-09 02:04:33'),
(96, 'user96', 'password96', 'User Ninety-Six', 'user96@example.com', 'About User Ninety-Six', 0, '2024-05-09 02:04:33'),
(97, 'user97', 'password97', 'User Ninety-Seven', 'user97@example.com', 'About User Ninety-Seven', 0, '2024-05-09 02:04:33'),
(98, 'user98', 'password98', 'User Ninety-Eight', 'user98@example.com', 'About User Ninety-Eight', 0, '2024-05-09 02:04:33'),
(99, 'user99', 'password99', 'User Ninety-Nine', 'user99@example.com', 'About User Ninety-Nine', 0, '2024-05-09 02:04:33'),
(100, 'user100', 'password100', 'User One Hundred', 'user100@example.com', 'About User One Hundred', 0, '2024-05-09 02:04:33'),
(101, 'user101', 'password101', 'User One Hundred One', 'user101@example.com', 'About User One Hundred One', 0, '2024-05-09 02:04:33'),
(102, 'user102', 'password102', 'User One Hundred Two', 'user102@example.com', 'About User One Hundred Two', 0, '2024-05-09 02:04:33'),
(103, 'user103', 'password103', 'User One Hundred Three', 'user103@example.com', 'About User One Hundred Three', 0, '2024-05-09 02:04:33'),
(104, 'user104', 'password104', 'User One Hundred Four', 'user104@example.com', 'About User One Hundred Four', 0, '2024-05-09 02:04:33'),
(105, 'user105', 'password105', 'User One Hundred Five', 'user105@example.com', 'About User One Hundred Five', 0, '2024-05-09 02:04:33'),
(106, 'user106', 'password106', 'User One Hundred Six', 'user106@example.com', 'About User One Hundred Six', 0, '2024-05-09 02:04:33'),
(107, 'user107', 'password107', 'User One Hundred Seven', 'user107@example.com', 'About User One Hundred Seven', 0, '2024-05-09 02:04:33'),
(108, 'user108', 'password108', 'User One Hundred Eight', 'user108@example.com', 'About User One Hundred Eight', 0, '2024-05-09 02:04:33'),
(109, 'user109', 'password109', 'User One Hundred Nine', 'user109@example.com', 'About User One Hundred Nine', 0, '2024-05-09 02:04:33'),
(110, 'user110', 'password110', 'User One Hundred Ten', 'user110@example.com', 'About User One Hundred Ten', 0, '2024-05-09 02:04:33'),
(111, 'user111', 'password111', 'User One Hundred Eleven', 'user111@example.com', 'About User One Hundred Eleven', 0, '2024-05-09 02:04:33'),
(112, 'user112', 'password112', 'User One Hundred Twelve', 'user112@example.com', 'About User One Hundred Twelve', 0, '2024-05-09 02:04:33'),
(113, 'user113', 'password113', 'User One Hundred Thirteen', 'user113@example.com', 'About User One Hundred Thirteen', 0, '2024-05-09 02:04:33'),
(114, 'user114', 'password114', 'User One Hundred Fourteen', 'user114@example.com', 'About User One Hundred Fourteen', 0, '2024-05-09 02:04:33'),
(115, 'user115', 'password115', 'User One Hundred Fifteen', 'user115@example.com', 'About User One Hundred Fifteen', 0, '2024-05-09 02:04:33'),
(116, 'user116', 'password116', 'User One Hundred Sixteen', 'user116@example.com', 'About User One Hundred Sixteen', 0, '2024-05-09 02:04:33'),
(117, 'user117', 'password117', 'User One Hundred Seventeen', 'user117@example.com', 'About User One Hundred Seventeen', 0, '2024-05-09 02:04:33'),
(118, 'user118', 'password118', 'User One Hundred Eighteen', 'user118@example.com', 'About User One Hundred Eighteen', 0, '2024-05-09 02:04:33'),
(119, 'user119', 'password119', 'User One Hundred Nineteen', 'user119@example.com', 'About User One Hundred Nineteen', 0, '2024-05-09 02:04:33'),
(120, 'user120', 'password120', 'User One Hundred Twenty', 'user120@example.com', 'About User One Hundred Twenty', 0, '2024-05-09 02:04:33'),
(121, 'user121', 'password121', 'User One Hundred Twenty-One', 'user121@example.com', 'About User One Hundred Twenty-One', 0, '2024-05-09 02:04:33'),
(122, 'user122', 'password122', 'User One Hundred Twenty-Two', 'user122@example.com', 'About User One Hundred Twenty-Two', 0, '2024-05-09 02:04:33'),
(123, 'user123', 'password123', 'User One Hundred Twenty-Three', 'user123@example.com', 'About User One Hundred Twenty-Three', 0, '2024-05-09 02:04:33'),
(124, 'user124', 'password124', 'User One Hundred Twenty-Four', 'user124@example.com', 'About User One Hundred Twenty-Four', 0, '2024-05-09 02:04:33'),
(125, 'user125', 'password125', 'User One Hundred Twenty-Five', 'user125@example.com', 'About User One Hundred Twenty-Five', 0, '2024-05-09 02:04:33'),
(126, 'user126', 'password126', 'User One Hundred Twenty-Six', 'user126@example.com', 'About User One Hundred Twenty-Six', 0, '2024-05-09 02:04:33'),
(127, 'user127', 'password127', 'User One Hundred Twenty-Seven', 'user127@example.com', 'About User One Hundred Twenty-Seven', 0, '2024-05-09 02:04:33'),
(128, 'user128', 'password128', 'User One Hundred Twenty-Eight', 'user128@example.com', 'About User One Hundred Twenty-Eight', 0, '2024-05-09 02:04:33'),
(129, 'user129', 'password129', 'User One Hundred Twenty-Nine', 'user129@example.com', 'About User One Hundred Twenty-Nine', 0, '2024-05-09 02:04:33'),
(130, 'user130', 'password130', 'User One Hundred Thirty', 'user130@example.com', 'About User One Hundred Thirty', 0, '2024-05-09 02:04:33'),
(131, 'user131', 'password131', 'User One Hundred Thirty-One', 'user131@example.com', 'About User One Hundred Thirty-One', 0, '2024-05-09 02:04:33'),
(132, 'user132', 'password132', 'User One Hundred Thirty-Two', 'user132@example.com', 'About User One Hundred Thirty-Two', 0, '2024-05-09 02:04:33'),
(133, 'user133', 'password133', 'User One Hundred Thirty-Three', 'user133@example.com', 'About User One Hundred Thirty-Three', 0, '2024-05-09 02:04:33'),
(134, 'user134', 'password134', 'User One Hundred Thirty-Four', 'user134@example.com', 'About User One Hundred Thirty-Four', 0, '2024-05-09 02:04:33'),
(135, 'user135', 'password135', 'User One Hundred Thirty-Five', 'user135@example.com', 'About User One Hundred Thirty-Five', 0, '2024-05-09 02:04:33'),
(136, 'user136', 'password136', 'User One Hundred Thirty-Six', 'user136@example.com', 'About User One Hundred Thirty-Six', 0, '2024-05-09 02:04:33'),
(137, 'user137', 'password137', 'User One Hundred Thirty-Seven', 'user137@example.com', 'About User One Hundred Thirty-Seven', 0, '2024-05-09 02:04:33'),
(138, 'user138', 'password138', 'User One Hundred Thirty-Eight', 'user138@example.com', 'About User One Hundred Thirty-Eight', 0, '2024-05-09 02:04:33'),
(139, 'user139', 'password139', 'User One Hundred Thirty-Nine', 'user139@example.com', 'About User One Hundred Thirty-Nine', 0, '2024-05-09 02:04:33'),
(140, 'user140', 'password140', 'User One Hundred Forty', 'user140@example.com', 'About User One Hundred Forty', 0, '2024-05-09 02:04:33'),
(141, 'user141', 'password141', 'User One Hundred Forty-One', 'user141@example.com', 'About User One Hundred Forty-One', 0, '2024-05-09 02:04:33'),
(142, 'user142', 'password142', 'User One Hundred Forty-Two', 'user142@example.com', 'About User One Hundred Forty-Two', 0, '2024-05-09 02:04:33'),
(143, 'user143', 'password143', 'User One Hundred Forty-Three', 'user143@example.com', 'About User One Hundred Forty-Three', 0, '2024-05-09 02:04:33'),
(144, 'user144', 'password144', 'User One Hundred Forty-Four', 'user144@example.com', 'About User One Hundred Forty-Four', 0, '2024-05-09 02:04:33'),
(145, 'user145', 'password145', 'User One Hundred Forty-Five', 'user145@example.com', 'About User One Hundred Forty-Five', 0, '2024-05-09 02:04:33'),
(146, 'user146', 'password146', 'User One Hundred Forty-Six', 'user146@example.com', 'About User One Hundred Forty-Six', 0, '2024-05-09 02:04:33'),
(147, 'user147', 'password147', 'User One Hundred Forty-Seven', 'user147@example.com', 'About User One Hundred Forty-Seven', 0, '2024-05-09 02:04:33'),
(148, 'user148', 'password148', 'User One Hundred Forty-Eight', 'user148@example.com', 'About User One Hundred Forty-Eight', 0, '2024-05-09 02:04:33'),
(149, 'user149', 'password149', 'User One Hundred Forty-Nine', 'user149@example.com', 'About User One Hundred Forty-Nine', 0, '2024-05-09 02:04:33'),
(150, 'user150', 'password150', 'User One Hundred Fifty', 'user150@example.com', 'About User One Hundred Fifty', 0, '2024-05-09 02:04:33'),
(151, 'user151', 'password151', 'User One Hundred Fifty-One', 'user151@example.com', 'About User One Hundred Fifty-One', 0, '2024-05-09 02:04:33'),
(152, 'user152', 'password152', 'User One Hundred Fifty-Two', 'user152@example.com', 'About User One Hundred Fifty-Two', 0, '2024-05-09 02:04:33'),
(153, 'user153', 'password153', 'User One Hundred Fifty-Three', 'user153@example.com', 'About User One Hundred Fifty-Three', 0, '2024-05-09 02:04:33'),
(154, 'user154', 'password154', 'User One Hundred Fifty-Four', 'user154@example.com', 'About User One Hundred Fifty-Four', 0, '2024-05-09 02:04:33'),
(155, 'user155', 'password155', 'User One Hundred Fifty-Five', 'user155@example.com', 'About User One Hundred Fifty-Five', 0, '2024-05-09 02:04:33'),
(156, 'user156', 'password156', 'User One Hundred Fifty-Six', 'user156@example.com', 'About User One Hundred Fifty-Six', 0, '2024-05-09 02:04:33'),
(157, 'user157', 'password157', 'User One Hundred Fifty-Seven', 'user157@example.com', 'About User One Hundred Fifty-Seven', 0, '2024-05-09 02:04:33'),
(158, 'user158', 'password158', 'User One Hundred Fifty-Eight', 'user158@example.com', 'About User One Hundred Fifty-Eight', 0, '2024-05-09 02:04:33'),
(159, 'user159', 'password159', 'User One Hundred Fifty-Nine', 'user159@example.com', 'About User One Hundred Fifty-Nine', 0, '2024-05-09 02:04:33'),
(160, 'user160', 'password160', 'User One Hundred Sixty', 'user160@example.com', 'About User One Hundred Sixty', 0, '2024-05-09 02:04:33'),
(161, 'user161', 'password161', 'User One Hundred Sixty-One', 'user161@example.com', 'About User One Hundred Sixty-One', 0, '2024-05-09 02:04:33'),
(162, 'user162', 'password162', 'User One Hundred Sixty-Two', 'user162@example.com', 'About User One Hundred Sixty-Two', 0, '2024-05-09 02:04:33'),
(163, 'user163', 'password163', 'User One Hundred Sixty-Three', 'user163@example.com', 'About User One Hundred Sixty-Three', 0, '2024-05-09 02:04:33'),
(164, 'user164', 'password164', 'User One Hundred Sixty-Four', 'user164@example.com', 'About User One Hundred Sixty-Four', 0, '2024-05-09 02:04:33'),
(165, 'user165', 'password165', 'User One Hundred Sixty-Five', 'user165@example.com', 'About User One Hundred Sixty-Five', 0, '2024-05-09 02:04:33'),
(166, 'user166', 'password166', 'User One Hundred Sixty-Six', 'user166@example.com', 'About User One Hundred Sixty-Six', 0, '2024-05-09 02:04:33'),
(167, 'user167', 'password167', 'User One Hundred Sixty-Seven', 'user167@example.com', 'About User One Hundred Sixty-Seven', 0, '2024-05-09 02:04:33'),
(168, 'user168', 'password168', 'User One Hundred Sixty-Eight', 'user168@example.com', 'About User One Hundred Sixty-Eight', 0, '2024-05-09 02:04:33'),
(169, 'user169', 'password169', 'User One Hundred Sixty-Nine', 'user169@example.com', 'About User One Hundred Sixty-Nine', 0, '2024-05-09 02:04:33'),
(170, 'user170', 'password170', 'User One Hundred Seventy', 'user170@example.com', 'About User One Hundred Seventy', 0, '2024-05-09 02:04:33'),
(171, 'user171', 'password171', 'User One Hundred Seventy-One', 'user171@example.com', 'About User One Hundred Seventy-One', 0, '2024-05-09 02:04:33'),
(172, 'user172', 'password172', 'User One Hundred Seventy-Two', 'user172@example.com', 'About User One Hundred Seventy-Two', 0, '2024-05-09 02:04:33'),
(173, 'user173', 'password173', 'User One Hundred Seventy-Three', 'user173@example.com', 'About User One Hundred Seventy-Three', 0, '2024-05-09 02:04:33'),
(174, 'user174', 'password174', 'User One Hundred Seventy-Four', 'user174@example.com', 'About User One Hundred Seventy-Four', 0, '2024-05-09 02:04:33'),
(175, 'user175', 'password175', 'User One Hundred Seventy-Five', 'user175@example.com', 'About User One Hundred Seventy-Five', 0, '2024-05-09 02:04:33'),
(176, 'user176', 'password176', 'User One Hundred Seventy-Six', 'user176@example.com', 'About User One Hundred Seventy-Six', 0, '2024-05-09 02:04:33'),
(177, 'user177', 'password177', 'User One Hundred Seventy-Seven', 'user177@example.com', 'About User One Hundred Seventy-Seven', 0, '2024-05-09 02:04:33'),
(178, 'user178', 'password178', 'User One Hundred Seventy-Eight', 'user178@example.com', 'About User One Hundred Seventy-Eight', 0, '2024-05-09 02:04:33'),
(179, 'user179', 'password179', 'User One Hundred Seventy-Nine', 'user179@example.com', 'About User One Hundred Seventy-Nine', 0, '2024-05-09 02:04:33'),
(180, 'user180', 'password180', 'User One Hundred Eighty', 'user180@example.com', 'About User One Hundred Eighty', 0, '2024-05-09 02:04:33'),
(181, 'user181', 'password181', 'User One Hundred Eighty-One', 'user181@example.com', 'About User One Hundred Eighty-One', 0, '2024-05-09 02:04:33'),
(182, 'user182', 'password182', 'User One Hundred Eighty-Two', 'user182@example.com', 'About User One Hundred Eighty-Two', 0, '2024-05-09 02:04:33'),
(183, 'user183', 'password183', 'User One Hundred Eighty-Three', 'user183@example.com', 'About User One Hundred Eighty-Three', 0, '2024-05-09 02:04:33'),
(184, 'user184', 'password184', 'User One Hundred Eighty-Four', 'user184@example.com', 'About User One Hundred Eighty-Four', 0, '2024-05-09 02:04:33'),
(185, 'user185', 'password185', 'User One Hundred Eighty-Five', 'user185@example.com', 'About User One Hundred Eighty-Five', 0, '2024-05-09 02:04:33'),
(186, 'user186', 'password186', 'User One Hundred Eighty-Six', 'user186@example.com', 'About User One Hundred Eighty-Six', 0, '2024-05-09 02:04:33'),
(187, 'user187', 'password187', 'User One Hundred Eighty-Seven', 'user187@example.com', 'About User One Hundred Eighty-Seven', 0, '2024-05-09 02:04:33'),
(188, 'user188', 'password188', 'User One Hundred Eighty-Eight', 'user188@example.com', 'About User One Hundred Eighty-Eight', 0, '2024-05-09 02:04:33'),
(189, 'user189', 'password189', 'User One Hundred Eighty-Nine', 'user189@example.com', 'About User One Hundred Eighty-Nine', 0, '2024-05-09 02:04:33'),
(190, 'user190', 'password190', 'User One Hundred Ninety', 'user190@example.com', 'About User One Hundred Ninety', 0, '2024-05-09 02:04:33'),
(191, 'user191', 'password191', 'User One Hundred Ninety-One', 'user191@example.com', 'About User One Hundred Ninety-One', 0, '2024-05-09 02:04:33'),
(192, 'user192', 'password192', 'User One Hundred Ninety-Two', 'user192@example.com', 'About User One Hundred Ninety-Two', 0, '2024-05-09 02:04:33'),
(193, 'user193', 'password193', 'User One Hundred Ninety-Three', 'user193@example.com', 'About User One Hundred Ninety-Three', 0, '2024-05-09 02:04:33'),
(194, 'user194', 'password194', 'User One Hundred Ninety-Four', 'user194@example.com', 'About User One Hundred Ninety-Four', 0, '2024-05-09 02:04:33'),
(195, 'user195', 'password195', 'User One Hundred Ninety-Five', 'user195@example.com', 'About User One Hundred Ninety-Five', 0, '2024-05-09 02:04:33'),
(196, 'user196', 'password196', 'User One Hundred Ninety-Six', 'user196@example.com', 'About User One Hundred Ninety-Six', 0, '2024-05-09 02:04:33'),
(197, 'user197', 'password197', 'User One Hundred Ninety-Seven', 'user197@example.com', 'About User One Hundred Ninety-Seven', 0, '2024-05-09 02:04:33'),
(198, 'user198', 'password198', 'User One Hundred Ninety-Eight', 'user198@example.com', 'About User One Hundred Ninety-Eight', 0, '2024-05-09 02:04:33'),
(199, 'user199', 'password199', 'User One Hundred Ninety-Nine', 'user199@example.com', 'About User One Hundred Ninety-Nine', 0, '2024-05-09 02:04:33'),
(200, 'user200', 'password200', 'User Two Hundred', 'user200@example.com', 'About User Two Hundred', 0, '2024-05-09 02:04:33'),
(201, 'user201', 'password201', 'User Two Hundred One', 'user201@example.com', 'About User Two Hundred One', 0, '2024-05-09 02:04:33'),
(202, 'user202', 'password202', 'User Two Hundred Two', 'user202@example.com', 'About User Two Hundred Two', 0, '2024-05-09 02:04:33'),
(203, 'user203', 'password203', 'User Two Hundred Three', 'user203@example.com', 'About User Two Hundred Three', 0, '2024-05-09 02:04:33'),
(204, 'user204', 'password204', 'User Two Hundred Four', 'user204@example.com', 'About User Two Hundred Four', 0, '2024-05-09 02:04:33'),
(205, 'user205', 'password205', 'User Two Hundred Five', 'user205@example.com', 'About User Two Hundred Five', 0, '2024-05-09 02:04:33'),
(206, 'user206', 'password206', 'User Two Hundred Six', 'user206@example.com', 'About User Two Hundred Six', 0, '2024-05-09 02:04:33'),
(207, 'user207', 'password207', 'User Two Hundred Seven', 'user207@example.com', 'About User Two Hundred Seven', 0, '2024-05-09 02:04:33'),
(208, 'user208', 'password208', 'User Two Hundred Eight', 'user208@example.com', 'About User Two Hundred Eight', 0, '2024-05-09 02:04:33'),
(209, 'user209', 'password209', 'User Two Hundred Nine', 'user209@example.com', 'About User Two Hundred Nine', 0, '2024-05-09 02:04:33'),
(210, 'user210', 'password210', 'User Two Hundred Ten', 'user210@example.com', 'About User Two Hundred Ten', 0, '2024-05-09 02:04:33'),
(211, 'user211', 'password211', 'User Two Hundred Eleven', 'user211@example.com', 'About User Two Hundred Eleven', 0, '2024-05-09 02:04:33'),
(212, 'user212', 'password212', 'User Two Hundred Twelve', 'user212@example.com', 'About User Two Hundred Twelve', 0, '2024-05-09 02:04:33'),
(213, 'user213', 'password213', 'User Two Hundred Thirteen', 'user213@example.com', 'About User Two Hundred Thirteen', 0, '2024-05-09 02:04:33'),
(214, 'user214', 'password214', 'User Two Hundred Fourteen', 'user214@example.com', 'About User Two Hundred Fourteen', 0, '2024-05-09 02:04:33'),
(215, 'user215', 'password215', 'User Two Hundred Fifteen', 'user215@example.com', 'About User Two Hundred Fifteen', 0, '2024-05-09 02:04:33'),
(216, 'user216', 'password216', 'User Two Hundred Sixteen', 'user216@example.com', 'About User Two Hundred Sixteen', 0, '2024-05-09 02:04:33'),
(217, 'user217', 'password217', 'User Two Hundred Seventeen', 'user217@example.com', 'About User Two Hundred Seventeen', 0, '2024-05-09 02:04:33'),
(218, 'user218', 'password218', 'User Two Hundred Eighteen', 'user218@example.com', 'About User Two Hundred Eighteen', 0, '2024-05-09 02:04:33'),
(219, 'user219', 'password219', 'User Two Hundred Nineteen', 'user219@example.com', 'About User Two Hundred Nineteen', 0, '2024-05-09 02:04:33'),
(220, 'user220', 'password220', 'User Two Hundred Twenty', 'user220@example.com', 'About User Two Hundred Twenty', 0, '2024-05-09 02:04:33'),
(221, 'user221', 'password221', 'User Two Hundred Twenty-One', 'user221@example.com', 'About User Two Hundred Twenty-One', 0, '2024-05-09 02:04:33'),
(222, 'user222', 'password222', 'User Two Hundred Twenty-Two', 'user222@example.com', 'About User Two Hundred Twenty-Two', 0, '2024-05-09 02:04:33'),
(223, 'user223', 'password223', 'User Two Hundred Twenty-Three', 'user223@example.com', 'About User Two Hundred Twenty-Three', 0, '2024-05-09 02:04:33'),
(224, 'user224', 'password224', 'User Two Hundred Twenty-Four', 'user224@example.com', 'About User Two Hundred Twenty-Four', 0, '2024-05-09 02:04:33'),
(225, 'user225', 'password225', 'User Two Hundred Twenty-Five', 'user225@example.com', 'About User Two Hundred Twenty-Five', 0, '2024-05-09 02:04:33'),
(226, 'user226', 'password226', 'User Two Hundred Twenty-Six', 'user226@example.com', 'About User Two Hundred Twenty-Six', 0, '2024-05-09 02:04:33'),
(227, 'user227', 'password227', 'User Two Hundred Twenty-Seven', 'user227@example.com', 'About User Two Hundred Twenty-Seven', 0, '2024-05-09 02:04:33'),
(228, 'user228', 'password228', 'User Two Hundred Twenty-Eight', 'user228@example.com', 'About User Two Hundred Twenty-Eight', 0, '2024-05-09 02:04:33'),
(229, 'user229', 'password229', 'User Two Hundred Twenty-Nine', 'user229@example.com', 'About User Two Hundred Twenty-Nine', 0, '2024-05-09 02:04:33'),
(230, 'user230', 'password230', 'User Two Hundred Thirty', 'user230@example.com', 'About User Two Hundred Thirty', 0, '2024-05-09 02:04:33'),
(231, 'user231', 'password231', 'User Two Hundred Thirty-One', 'user231@example.com', 'About User Two Hundred Thirty-One', 0, '2024-05-09 02:04:33'),
(232, 'user232', 'password232', 'User Two Hundred Thirty-Two', 'user232@example.com', 'About User Two Hundred Thirty-Two', 0, '2024-05-09 02:04:33'),
(233, 'user233', 'password233', 'User Two Hundred Thirty-Three', 'user233@example.com', 'About User Two Hundred Thirty-Three', 0, '2024-05-09 02:04:33'),
(234, 'user234', 'password234', 'User Two Hundred Thirty-Four', 'user234@example.com', 'About User Two Hundred Thirty-Four', 0, '2024-05-09 02:04:33'),
(235, 'user235', 'password235', 'User Two Hundred Thirty-Five', 'user235@example.com', 'About User Two Hundred Thirty-Five', 0, '2024-05-09 02:04:33'),
(236, 'user236', 'password236', 'User Two Hundred Thirty-Six', 'user236@example.com', 'About User Two Hundred Thirty-Six', 0, '2024-05-09 02:04:33'),
(237, 'user237', 'password237', 'User Two Hundred Thirty-Seven', 'user237@example.com', 'About User Two Hundred Thirty-Seven', 0, '2024-05-09 02:04:33'),
(238, 'user238', 'password238', 'User Two Hundred Thirty-Eight', 'user238@example.com', 'About User Two Hundred Thirty-Eight', 0, '2024-05-09 02:04:34'),
(239, 'user239', 'password239', 'User Two Hundred Thirty-Nine', 'user239@example.com', 'About User Two Hundred Thirty-Nine', 0, '2024-05-09 02:04:34'),
(240, 'user240', 'password240', 'User Two Hundred Forty', 'user240@example.com', 'About User Two Hundred Forty', 0, '2024-05-09 02:04:34'),
(241, 'user241', 'password241', 'User Two Hundred Forty-One', 'user241@example.com', 'About User Two Hundred Forty-One', 0, '2024-05-09 02:04:34'),
(242, 'user242', 'password242', 'User Two Hundred Forty-Two', 'user242@example.com', 'About User Two Hundred Forty-Two', 0, '2024-05-09 02:04:34'),
(243, 'user243', 'password243', 'User Two Hundred Forty-Three', 'user243@example.com', 'About User Two Hundred Forty-Three', 0, '2024-05-09 02:04:34'),
(244, 'user244', 'password244', 'User Two Hundred Forty-Four', 'user244@example.com', 'About User Two Hundred Forty-Four', 0, '2024-05-09 02:04:34'),
(245, 'user245', 'password245', 'User Two Hundred Forty-Five', 'user245@example.com', 'About User Two Hundred Forty-Five', 0, '2024-05-09 02:04:34'),
(246, 'user246', 'password246', 'User Two Hundred Forty-Six', 'user246@example.com', 'About User Two Hundred Forty-Six', 0, '2024-05-09 02:04:34'),
(247, 'user247', 'password247', 'User Two Hundred Forty-Seven', 'user247@example.com', 'About User Two Hundred Forty-Seven', 0, '2024-05-09 02:04:34'),
(248, 'user248', 'password248', 'User Two Hundred Forty-Eight', 'user248@example.com', 'About User Two Hundred Forty-Eight', 0, '2024-05-09 02:04:34'),
(249, 'user249', 'password249', 'User Two Hundred Forty-Nine', 'user249@example.com', 'About User Two Hundred Forty-Nine', 0, '2024-05-09 02:04:34'),
(250, 'user250', 'password250', 'User Two Hundred Fifty', 'user250@example.com', 'About User Two Hundred Fifty', 0, '2024-05-09 02:04:34'),
(251, 'user251', 'password251', 'User Two Hundred Fifty-One', 'user251@example.com', 'About User Two Hundred Fifty-One', 0, '2024-05-09 02:04:34'),
(252, 'user252', 'password252', 'User Two Hundred Fifty-Two', 'user252@example.com', 'About User Two Hundred Fifty-Two', 0, '2024-05-09 02:04:34'),
(253, 'user253', 'password253', 'User Two Hundred Fifty-Three', 'user253@example.com', 'About User Two Hundred Fifty-Three', 0, '2024-05-09 02:04:34'),
(254, 'user254', 'password254', 'User Two Hundred Fifty-Four', 'user254@example.com', 'About User Two Hundred Fifty-Four', 0, '2024-05-09 02:04:34'),
(255, 'user255', 'password255', 'User Two Hundred Fifty-Five', 'user255@example.com', 'About User Two Hundred Fifty-Five', 0, '2024-05-09 02:04:34'),
(256, 'user256', 'password256', 'User Two Hundred Fifty-Six', 'user256@example.com', 'About User Two Hundred Fifty-Six', 0, '2024-05-09 02:04:34'),
(257, 'user257', 'password257', 'User Two Hundred Fifty-Seven', 'user257@example.com', 'About User Two Hundred Fifty-Seven', 0, '2024-05-09 02:04:34'),
(258, 'user258', 'password258', 'User Two Hundred Fifty-Eight', 'user258@example.com', 'About User Two Hundred Fifty-Eight', 0, '2024-05-09 02:04:34'),
(259, 'user259', 'password259', 'User Two Hundred Fifty-Nine', 'user259@example.com', 'About User Two Hundred Fifty-Nine', 0, '2024-05-09 02:04:34'),
(260, 'user260', 'password260', 'User Two Hundred Sixty', 'user260@example.com', 'About User Two Hundred Sixty', 0, '2024-05-09 02:04:34'),
(261, 'user261', 'password261', 'User Two Hundred Sixty-One', 'user261@example.com', 'About User Two Hundred Sixty-One', 0, '2024-05-09 02:04:34'),
(262, 'user262', 'password262', 'User Two Hundred Sixty-Two', 'user262@example.com', 'About User Two Hundred Sixty-Two', 0, '2024-05-09 02:04:34'),
(263, 'user263', 'password263', 'User Two Hundred Sixty-Three', 'user263@example.com', 'About User Two Hundred Sixty-Three', 0, '2024-05-09 02:04:34'),
(264, 'user264', 'password264', 'User Two Hundred Sixty-Four', 'user264@example.com', 'About User Two Hundred Sixty-Four', 0, '2024-05-09 02:04:34'),
(265, 'user265', 'password265', 'User Two Hundred Sixty-Five', 'user265@example.com', 'About User Two Hundred Sixty-Five', 0, '2024-05-09 02:04:34'),
(266, 'user266', 'password266', 'User Two Hundred Sixty-Six', 'user266@example.com', 'About User Two Hundred Sixty-Six', 0, '2024-05-09 02:04:34'),
(267, 'user267', 'password267', 'User Two Hundred Sixty-Seven', 'user267@example.com', 'About User Two Hundred Sixty-Seven', 0, '2024-05-09 02:04:34'),
(268, 'user268', 'password268', 'User Two Hundred Sixty-Eight', 'user268@example.com', 'About User Two Hundred Sixty-Eight', 0, '2024-05-09 02:04:34'),
(269, 'user269', 'password269', 'User Two Hundred Sixty-Nine', 'user269@example.com', 'About User Two Hundred Sixty-Nine', 0, '2024-05-09 02:04:34'),
(270, 'user270', 'password270', 'User Two Hundred Seventy', 'user270@example.com', 'About User Two Hundred Seventy', 0, '2024-05-09 02:04:34'),
(271, 'user271', 'password271', 'User Two Hundred Seventy-One', 'user271@example.com', 'About User Two Hundred Seventy-One', 0, '2024-05-09 02:04:34'),
(272, 'user272', 'password272', 'User Two Hundred Seventy-Two', 'user272@example.com', 'About User Two Hundred Seventy-Two', 0, '2024-05-09 02:04:34'),
(273, 'user273', 'password273', 'User Two Hundred Seventy-Three', 'user273@example.com', 'About User Two Hundred Seventy-Three', 0, '2024-05-09 02:04:34'),
(274, 'user274', 'password274', 'User Two Hundred Seventy-Four', 'user274@example.com', 'About User Two Hundred Seventy-Four', 0, '2024-05-09 02:04:34'),
(275, 'user275', 'password275', 'User Two Hundred Seventy-Five', 'user275@example.com', 'About User Two Hundred Seventy-Five', 0, '2024-05-09 02:04:34'),
(276, 'user276', 'password276', 'User Two Hundred Seventy-Six', 'user276@example.com', 'About User Two Hundred Seventy-Six', 0, '2024-05-09 02:04:34'),
(277, 'user277', 'password277', 'User Two Hundred Seventy-Seven', 'user277@example.com', 'About User Two Hundred Seventy-Seven', 0, '2024-05-09 02:04:34'),
(278, 'user278', 'password278', 'User Two Hundred Seventy-Eight', 'user278@example.com', 'About User Two Hundred Seventy-Eight', 0, '2024-05-09 02:04:34'),
(279, 'user279', 'password279', 'User Two Hundred Seventy-Nine', 'user279@example.com', 'About User Two Hundred Seventy-Nine', 0, '2024-05-09 02:04:34'),
(280, 'user280', 'password280', 'User Two Hundred Eighty', 'user280@example.com', 'About User Two Hundred Eighty', 0, '2024-05-09 02:04:34'),
(281, 'user281', 'password281', 'User Two Hundred Eighty-One', 'user281@example.com', 'About User Two Hundred Eighty-One', 0, '2024-05-09 02:04:34'),
(282, 'user282', 'password282', 'User Two Hundred Eighty-Two', 'user282@example.com', 'About User Two Hundred Eighty-Two', 0, '2024-05-09 02:04:34'),
(283, 'user283', 'password283', 'User Two Hundred Eighty-Three', 'user283@example.com', 'About User Two Hundred Eighty-Three', 0, '2024-05-09 02:04:34'),
(284, 'user284', 'password284', 'User Two Hundred Eighty-Four', 'user284@example.com', 'About User Two Hundred Eighty-Four', 0, '2024-05-09 02:04:34'),
(285, 'user285', 'password285', 'User Two Hundred Eighty-Five', 'user285@example.com', 'About User Two Hundred Eighty-Five', 0, '2024-05-09 02:04:34'),
(286, 'user286', 'password286', 'User Two Hundred Eighty-Six', 'user286@example.com', 'About User Two Hundred Eighty-Six', 0, '2024-05-09 02:04:34'),
(287, 'user287', 'password287', 'User Two Hundred Eighty-Seven', 'user287@example.com', 'About User Two Hundred Eighty-Seven', 0, '2024-05-09 02:04:34'),
(288, 'user288', 'password288', 'User Two Hundred Eighty-Eight', 'user288@example.com', 'About User Two Hundred Eighty-Eight', 0, '2024-05-09 02:04:34'),
(289, 'user289', 'password289', 'User Two Hundred Eighty-Nine', 'user289@example.com', 'About User Two Hundred Eighty-Nine', 0, '2024-05-09 02:04:34'),
(290, 'user290', 'password290', 'User Two Hundred Ninety', 'user290@example.com', 'About User Two Hundred Ninety', 0, '2024-05-09 02:04:34'),
(291, 'user291', 'password291', 'User Two Hundred Ninety-One', 'user291@example.com', 'About User Two Hundred Ninety-One', 0, '2024-05-09 02:04:34'),
(292, 'user292', 'password292', 'User Two Hundred Ninety-Two', 'user292@example.com', 'About User Two Hundred Ninety-Two', 0, '2024-05-09 02:04:34'),
(293, 'user293', 'password293', 'User Two Hundred Ninety-Three', 'user293@example.com', 'About User Two Hundred Ninety-Three', 0, '2024-05-09 02:04:34'),
(294, 'user294', 'password294', 'User Two Hundred Ninety-Four', 'user294@example.com', 'About User Two Hundred Ninety-Four', 0, '2024-05-09 02:04:34'),
(295, 'user295', 'password295', 'User Two Hundred Ninety-Five', 'user295@example.com', 'About User Two Hundred Ninety-Five', 0, '2024-05-09 02:04:34'),
(296, 'user296', 'password296', 'User Two Hundred Ninety-Six', 'user296@example.com', 'About User Two Hundred Ninety-Six', 0, '2024-05-09 02:04:34'),
(297, 'user297', 'password297', 'User Two Hundred Ninety-Seven', 'user297@example.com', 'About User Two Hundred Ninety-Seven', 0, '2024-05-09 02:04:34'),
(298, 'user298', 'password298', 'User Two Hundred Ninety-Eight', 'user298@example.com', 'About User Two Hundred Ninety-Eight', 0, '2024-05-09 02:04:34'),
(299, 'user299', 'password299', 'User Two Hundred Ninety-Nine', 'user299@example.com', 'About User Two Hundred Ninety-Nine', 0, '2024-05-09 02:04:34'),
(300, 'user300', 'password300', 'User Three Hundred', 'user300@example.com', 'About User Three Hundred', 0, '2024-05-09 02:04:34'),
(301, 'user301', 'password301', 'User Three Hundred One', 'user301@example.com', 'About User Three Hundred One', 0, '2024-05-09 02:04:34'),
(302, 'user302', 'password302', 'User Three Hundred Two', 'user302@example.com', 'About User Three Hundred Two', 0, '2024-05-09 02:04:34'),
(303, 'user303', 'password303', 'User Three Hundred Three', 'user303@example.com', 'About User Three Hundred Three', 0, '2024-05-09 02:04:34'),
(304, 'user304', 'password304', 'User Three Hundred Four', 'user304@example.com', 'About User Three Hundred Four', 0, '2024-05-09 02:04:34'),
(305, 'user305', 'password305', 'User Three Hundred Five', 'user305@example.com', 'About User Three Hundred Five', 0, '2024-05-09 02:04:34'),
(306, 'user306', 'password306', 'User Three Hundred Six', 'user306@example.com', 'About User Three Hundred Six', 0, '2024-05-09 02:04:34'),
(307, 'user307', 'password307', 'User Three Hundred Seven', 'user307@example.com', 'About User Three Hundred Seven', 0, '2024-05-09 02:04:34'),
(308, 'user308', 'password308', 'User Three Hundred Eight', 'user308@example.com', 'About User Three Hundred Eight', 0, '2024-05-09 02:04:34'),
(309, 'user309', 'password309', 'User Three Hundred Nine', 'user309@example.com', 'About User Three Hundred Nine', 0, '2024-05-09 02:04:34'),
(310, 'user310', 'password310', 'User Three Hundred Ten', 'user310@example.com', 'About User Three Hundred Ten', 0, '2024-05-09 02:04:34'),
(311, 'user311', 'password311', 'User Three Hundred Eleven', 'user311@example.com', 'About User Three Hundred Eleven', 0, '2024-05-09 02:04:34'),
(312, 'user312', 'password312', 'User Three Hundred Twelve', 'user312@example.com', 'About User Three Hundred Twelve', 0, '2024-05-09 02:04:34'),
(313, 'user313', 'password313', 'User Three Hundred Thirteen', 'user313@example.com', 'About User Three Hundred Thirteen', 0, '2024-05-09 02:04:34'),
(314, 'user314', 'password314', 'User Three Hundred Fourteen', 'user314@example.com', 'About User Three Hundred Fourteen', 0, '2024-05-09 02:04:34'),
(315, 'user315', 'password315', 'User Three Hundred Fifteen', 'user315@example.com', 'About User Three Hundred Fifteen', 0, '2024-05-09 02:04:34'),
(316, 'user316', 'password316', 'User Three Hundred Sixteen', 'user316@example.com', 'About User Three Hundred Sixteen', 0, '2024-05-09 02:04:34'),
(317, 'user317', 'password317', 'User Three Hundred Seventeen', 'user317@example.com', 'About User Three Hundred Seventeen', 0, '2024-05-09 02:04:34'),
(318, 'user318', 'password318', 'User Three Hundred Eighteen', 'user318@example.com', 'About User Three Hundred Eighteen', 0, '2024-05-09 02:04:34'),
(319, 'user319', 'password319', 'User Three Hundred Nineteen', 'user319@example.com', 'About User Three Hundred Nineteen', 0, '2024-05-09 02:04:34'),
(320, 'user320', 'password320', 'User Three Hundred Twenty', 'user320@example.com', 'About User Three Hundred Twenty', 0, '2024-05-09 02:04:34'),
(321, 'user321', 'password321', 'User Three Hundred Twenty-One', 'user321@example.com', 'About User Three Hundred Twenty-One', 0, '2024-05-09 02:04:34'),
(322, 'user322', 'password322', 'User Three Hundred Twenty-Two', 'user322@example.com', 'About User Three Hundred Twenty-Two', 0, '2024-05-09 02:04:34'),
(323, 'user323', 'password323', 'User Three Hundred Twenty-Three', 'user323@example.com', 'About User Three Hundred Twenty-Three', 0, '2024-05-09 02:04:34'),
(324, 'user324', 'password324', 'User Three Hundred Twenty-Four', 'user324@example.com', 'About User Three Hundred Twenty-Four', 0, '2024-05-09 02:04:34'),
(325, 'user325', 'password325', 'User Three Hundred Twenty-Five', 'user325@example.com', 'About User Three Hundred Twenty-Five', 0, '2024-05-09 02:04:34'),
(326, 'user326', 'password326', 'User Three Hundred Twenty-Six', 'user326@example.com', 'About User Three Hundred Twenty-Six', 0, '2024-05-09 02:04:34'),
(327, 'user327', 'password327', 'User Three Hundred Twenty-Seven', 'user327@example.com', 'About User Three Hundred Twenty-Seven', 0, '2024-05-09 02:04:34'),
(328, 'user328', 'password328', 'User Three Hundred Twenty-Eight', 'user328@example.com', 'About User Three Hundred Twenty-Eight', 0, '2024-05-09 02:04:34'),
(329, 'user329', 'password329', 'User Three Hundred Twenty-Nine', 'user329@example.com', 'About User Three Hundred Twenty-Nine', 0, '2024-05-09 02:04:34'),
(330, 'user330', 'password330', 'User Three Hundred Thirty', 'user330@example.com', 'About User Three Hundred Thirty', 0, '2024-05-09 02:04:34'),
(331, 'user331', 'password331', 'User Three Hundred Thirty-One', 'user331@example.com', 'About User Three Hundred Thirty-One', 0, '2024-05-09 02:04:34'),
(332, 'user332', 'password332', 'User Three Hundred Thirty-Two', 'user332@example.com', 'About User Three Hundred Thirty-Two', 0, '2024-05-09 02:04:34'),
(333, 'user333', 'password333', 'User Three Hundred Thirty-Three', 'user333@example.com', 'About User Three Hundred Thirty-Three', 0, '2024-05-09 02:04:34'),
(334, 'user334', 'password334', 'User Three Hundred Thirty-Four', 'user334@example.com', 'About User Three Hundred Thirty-Four', 0, '2024-05-09 02:04:34'),
(335, 'user335', 'password335', 'User Three Hundred Thirty-Five', 'user335@example.com', 'About User Three Hundred Thirty-Five', 0, '2024-05-09 02:04:34'),
(336, 'user336', 'password336', 'User Three Hundred Thirty-Six', 'user336@example.com', 'About User Three Hundred Thirty-Six', 0, '2024-05-09 02:04:34'),
(337, 'user337', 'password337', 'User Three Hundred Thirty-Seven', 'user337@example.com', 'About User Three Hundred Thirty-Seven', 0, '2024-05-09 02:04:34'),
(338, 'user338', 'password338', 'User Three Hundred Thirty-Eight', 'user338@example.com', 'About User Three Hundred Thirty-Eight', 0, '2024-05-09 02:04:34'),
(339, 'user339', 'password339', 'User Three Hundred Thirty-Nine', 'user339@example.com', 'About User Three Hundred Thirty-Nine', 0, '2024-05-09 02:04:34'),
(340, 'user340', 'password340', 'User Three Hundred Forty', 'user340@example.com', 'About User Three Hundred Forty', 0, '2024-05-09 02:04:34'),
(341, 'user341', 'password341', 'User Three Hundred Forty-One', 'user341@example.com', 'About User Three Hundred Forty-One', 0, '2024-05-09 02:04:34'),
(342, 'user342', 'password342', 'User Three Hundred Forty-Two', 'user342@example.com', 'About User Three Hundred Forty-Two', 0, '2024-05-09 02:04:34'),
(343, 'user343', 'password343', 'User Three Hundred Forty-Three', 'user343@example.com', 'About User Three Hundred Forty-Three', 0, '2024-05-09 02:04:34'),
(344, 'user344', 'password344', 'User Three Hundred Forty-Four', 'user344@example.com', 'About User Three Hundred Forty-Four', 0, '2024-05-09 02:04:34'),
(345, 'user345', 'password345', 'User Three Hundred Forty-Five', 'user345@example.com', 'About User Three Hundred Forty-Five', 0, '2024-05-09 02:04:34'),
(346, 'user346', 'password346', 'User Three Hundred Forty-Six', 'user346@example.com', 'About User Three Hundred Forty-Six', 0, '2024-05-09 02:04:34'),
(347, 'user347', 'password347', 'User Three Hundred Forty-Seven', 'user347@example.com', 'About User Three Hundred Forty-Seven', 0, '2024-05-09 02:04:34'),
(348, 'user348', 'password348', 'User Three Hundred Forty-Eight', 'user348@example.com', 'About User Three Hundred Forty-Eight', 0, '2024-05-09 02:04:34'),
(349, 'user349', 'password349', 'User Three Hundred Forty-Nine', 'user349@example.com', 'About User Three Hundred Forty-Nine', 0, '2024-05-09 02:04:34'),
(350, 'user350', 'password350', 'User Three Hundred Fifty', 'user350@example.com', 'About User Three Hundred Fifty', 0, '2024-05-09 02:04:34'),
(351, 'user351', 'password351', 'User Three Hundred Fifty-One', 'user351@example.com', 'About User Three Hundred Fifty-One', 0, '2024-05-09 02:04:34'),
(352, 'user352', 'password352', 'User Three Hundred Fifty-Two', 'user352@example.com', 'About User Three Hundred Fifty-Two', 0, '2024-05-09 02:04:34'),
(353, 'user353', 'password353', 'User Three Hundred Fifty-Three', 'user353@example.com', 'About User Three Hundred Fifty-Three', 0, '2024-05-09 02:04:34'),
(354, 'user354', 'password354', 'User Three Hundred Fifty-Four', 'user354@example.com', 'About User Three Hundred Fifty-Four', 0, '2024-05-09 02:04:34'),
(355, 'user355', 'password355', 'User Three Hundred Fifty-Five', 'user355@example.com', 'About User Three Hundred Fifty-Five', 0, '2024-05-09 02:04:34'),
(356, 'user356', 'password356', 'User Three Hundred Fifty-Six', 'user356@example.com', 'About User Three Hundred Fifty-Six', 0, '2024-05-09 02:04:34'),
(357, 'user357', 'password357', 'User Three Hundred Fifty-Seven', 'user357@example.com', 'About User Three Hundred Fifty-Seven', 0, '2024-05-09 02:04:34'),
(358, 'user358', 'password358', 'User Three Hundred Fifty-Eight', 'user358@example.com', 'About User Three Hundred Fifty-Eight', 0, '2024-05-09 02:04:34');
INSERT INTO `accounts` (`userid`, `username`, `password`, `displayName`, `email`, `aboutMe`, `permissionLevel`, `create_at`) VALUES
(359, 'user359', 'password359', 'User Three Hundred Fifty-Nine', 'user359@example.com', 'About User Three Hundred Fifty-Nine', 0, '2024-05-09 02:04:34'),
(360, 'user360', 'password360', 'User Three Hundred Sixty', 'user360@example.com', 'About User Three Hundred Sixty', 0, '2024-05-09 02:04:34'),
(361, 'user361', 'password361', 'User Three Hundred Sixty-One', 'user361@example.com', 'About User Three Hundred Sixty-One', 0, '2024-05-09 02:04:34'),
(362, 'user362', 'password362', 'User Three Hundred Sixty-Two', 'user362@example.com', 'About User Three Hundred Sixty-Two', 0, '2024-05-09 02:04:34'),
(363, 'user363', 'password363', 'User Three Hundred Sixty-Three', 'user363@example.com', 'About User Three Hundred Sixty-Three', 0, '2024-05-09 02:04:34'),
(364, 'user364', 'password364', 'User Three Hundred Sixty-Four', 'user364@example.com', 'About User Three Hundred Sixty-Four', 0, '2024-05-09 02:04:34'),
(365, 'user365', 'password365', 'User Three Hundred Sixty-Five', 'user365@example.com', 'About User Three Hundred Sixty-Five', 0, '2024-05-09 02:04:34'),
(366, 'user366', 'password366', 'User Three Hundred Sixty-Six', 'user366@example.com', 'About User Three Hundred Sixty-Six', 0, '2024-05-09 02:04:34'),
(367, 'user367', 'password367', 'User Three Hundred Sixty-Seven', 'user367@example.com', 'About User Three Hundred Sixty-Seven', 0, '2024-05-09 02:04:34'),
(368, 'user368', 'password368', 'User Three Hundred Sixty-Eight', 'user368@example.com', 'About User Three Hundred Sixty-Eight', 0, '2024-05-09 02:04:34'),
(369, 'user369', 'password369', 'User Three Hundred Sixty-Nine', 'user369@example.com', 'About User Three Hundred Sixty-Nine', 0, '2024-05-09 02:04:34'),
(370, 'user370', 'password370', 'User Three Hundred Seventy', 'user370@example.com', 'About User Three Hundred Seventy', 0, '2024-05-09 02:04:34'),
(371, 'user371', 'password371', 'User Three Hundred Seventy-One', 'user371@example.com', 'About User Three Hundred Seventy-One', 0, '2024-05-09 02:04:34'),
(372, 'user372', 'password372', 'User Three Hundred Seventy-Two', 'user372@example.com', 'About User Three Hundred Seventy-Two', 0, '2024-05-09 02:04:34'),
(373, 'user373', 'password373', 'User Three Hundred Seventy-Three', 'user373@example.com', 'About User Three Hundred Seventy-Three', 0, '2024-05-09 02:04:34'),
(374, 'user374', 'password374', 'User Three Hundred Seventy-Four', 'user374@example.com', 'About User Three Hundred Seventy-Four', 0, '2024-05-09 02:04:34'),
(375, 'user375', 'password375', 'User Three Hundred Seventy-Five', 'user375@example.com', 'About User Three Hundred Seventy-Five', 0, '2024-05-09 02:04:34'),
(376, 'user376', 'password376', 'User Three Hundred Seventy-Six', 'user376@example.com', 'About User Three Hundred Seventy-Six', 0, '2024-05-09 02:04:34'),
(377, 'user377', 'password377', 'User Three Hundred Seventy-Seven', 'user377@example.com', 'About User Three Hundred Seventy-Seven', 0, '2024-05-09 02:04:34'),
(378, 'user378', 'password378', 'User Three Hundred Seventy-Eight', 'user378@example.com', 'About User Three Hundred Seventy-Eight', 0, '2024-05-09 02:04:34'),
(379, 'user379', 'password379', 'User Three Hundred Seventy-Nine', 'user379@example.com', 'About User Three Hundred Seventy-Nine', 0, '2024-05-09 02:04:34'),
(380, 'user380', 'password380', 'User Three Hundred Eighty', 'user380@example.com', 'About User Three Hundred Eighty', 0, '2024-05-09 02:04:34'),
(381, 'user381', 'password381', 'User Three Hundred Eighty-One', 'user381@example.com', 'About User Three Hundred Eighty-One', 0, '2024-05-09 02:04:34'),
(382, 'user382', 'password382', 'User Three Hundred Eighty-Two', 'user382@example.com', 'About User Three Hundred Eighty-Two', 0, '2024-05-09 02:04:34'),
(383, 'user383', 'password383', 'User Three Hundred Eighty-Three', 'user383@example.com', 'About User Three Hundred Eighty-Three', 0, '2024-05-09 02:04:34'),
(384, 'user384', 'password384', 'User Three Hundred Eighty-Four', 'user384@example.com', 'About User Three Hundred Eighty-Four', 0, '2024-05-09 02:04:34'),
(385, 'user385', 'password385', 'User Three Hundred Eighty-Five', 'user385@example.com', 'About User Three Hundred Eighty-Five', 0, '2024-05-09 02:04:34'),
(386, 'user386', 'password386', 'User Three Hundred Eighty-Six', 'user386@example.com', 'About User Three Hundred Eighty-Six', 0, '2024-05-09 02:04:34'),
(387, 'user387', 'password387', 'User Three Hundred Eighty-Seven', 'user387@example.com', 'About User Three Hundred Eighty-Seven', 0, '2024-05-09 02:04:34'),
(388, 'user388', 'password388', 'User Three Hundred Eighty-Eight', 'user388@example.com', 'About User Three Hundred Eighty-Eight', 0, '2024-05-09 02:04:34'),
(389, 'user389', 'password389', 'User Three Hundred Eighty-Nine', 'user389@example.com', 'About User Three Hundred Eighty-Nine', 0, '2024-05-09 02:04:34'),
(390, 'user390', 'password390', 'User Three Hundred Ninety', 'user390@example.com', 'About User Three Hundred Ninety', 0, '2024-05-09 02:04:34'),
(391, 'user391', 'password391', 'User Three Hundred Ninety-One', 'user391@example.com', 'About User Three Hundred Ninety-One', 0, '2024-05-09 02:04:34'),
(392, 'user392', 'password392', 'User Three Hundred Ninety-Two', 'user392@example.com', 'About User Three Hundred Ninety-Two', 0, '2024-05-09 02:04:34'),
(393, 'user393', 'password393', 'User Three Hundred Ninety-Three', 'user393@example.com', 'About User Three Hundred Ninety-Three', 0, '2024-05-09 02:04:34'),
(394, 'user394', 'password394', 'User Three Hundred Ninety-Four', 'user394@example.com', 'About User Three Hundred Ninety-Four', 0, '2024-05-09 02:04:34'),
(395, 'user395', 'password395', 'User Three Hundred Ninety-Five', 'user395@example.com', 'About User Three Hundred Ninety-Five', 0, '2024-05-09 02:04:34'),
(396, 'user396', 'password396', 'User Three Hundred Ninety-Six', 'user396@example.com', 'About User Three Hundred Ninety-Six', 0, '2024-05-09 02:04:34'),
(397, 'user397', 'password397', 'User Three Hundred Ninety-Seven', 'user397@example.com', 'About User Three Hundred Ninety-Seven', 0, '2024-05-09 02:04:34'),
(398, 'user398', 'password398', 'User Three Hundred Ninety-Eight', 'user398@example.com', 'About User Three Hundred Ninety-Eight', 0, '2024-05-09 02:04:34'),
(399, 'user399', 'password399', 'User Three Hundred Ninety-Nine', 'user399@example.com', 'About User Three Hundred Ninety-Nine', 0, '2024-05-09 02:04:34'),
(400, 'user400', 'password400', 'User Four Hundred', 'user400@example.com', 'About User Four Hundred', 0, '2024-05-09 02:04:34'),
(401, 'user401', 'password401', 'User Four Hundred One', 'user401@example.com', 'About User Four Hundred One', 0, '2024-05-09 02:04:34'),
(402, 'user402', 'password402', 'User Four Hundred Two', 'user402@example.com', 'About User Four Hundred Two', 0, '2024-05-09 02:04:34'),
(403, 'user403', 'password403', 'User Four Hundred Three', 'user403@example.com', 'About User Four Hundred Three', 0, '2024-05-09 02:04:34'),
(404, 'user404', 'password404', 'User Four Hundred Four', 'user404@example.com', 'About User Four Hundred Four', 0, '2024-05-09 02:04:34'),
(405, 'user405', 'password405', 'User Four Hundred Five', 'user405@example.com', 'About User Four Hundred Five', 0, '2024-05-09 02:04:34'),
(406, 'user406', 'password406', 'User Four Hundred Six', 'user406@example.com', 'About User Four Hundred Six', 0, '2024-05-09 02:04:34'),
(407, 'user407', 'password407', 'User Four Hundred Seven', 'user407@example.com', 'About User Four Hundred Seven', 0, '2024-05-09 02:04:34'),
(408, 'user408', 'password408', 'User Four Hundred Eight', 'user408@example.com', 'About User Four Hundred Eight', 0, '2024-05-09 02:04:34'),
(409, 'user409', 'password409', 'User Four Hundred Nine', 'user409@example.com', 'About User Four Hundred Nine', 0, '2024-05-09 02:04:34'),
(410, 'user410', 'password410', 'User Four Hundred Ten', 'user410@example.com', 'About User Four Hundred Ten', 0, '2024-05-09 02:04:34'),
(411, 'user411', 'password411', 'User Four Hundred Eleven', 'user411@example.com', 'About User Four Hundred Eleven', 0, '2024-05-09 02:04:34'),
(412, 'user412', 'password412', 'User Four Hundred Twelve', 'user412@example.com', 'About User Four Hundred Twelve', 0, '2024-05-09 02:04:34'),
(413, 'user413', 'password413', 'User Four Hundred Thirteen', 'user413@example.com', 'About User Four Hundred Thirteen', 0, '2024-05-09 02:04:34'),
(414, 'user414', 'password414', 'User Four Hundred Fourteen', 'user414@example.com', 'About User Four Hundred Fourteen', 0, '2024-05-09 02:04:34'),
(415, 'user415', 'password415', 'User Four Hundred Fifteen', 'user415@example.com', 'About User Four Hundred Fifteen', 0, '2024-05-09 02:04:34'),
(416, 'user416', 'password416', 'User Four Hundred Sixteen', 'user416@example.com', 'About User Four Hundred Sixteen', 0, '2024-05-09 02:04:34'),
(417, 'user417', 'password417', 'User Four Hundred Seventeen', 'user417@example.com', 'About User Four Hundred Seventeen', 0, '2024-05-09 02:04:34'),
(418, 'user418', 'password418', 'User Four Hundred Eighteen', 'user418@example.com', 'About User Four Hundred Eighteen', 0, '2024-05-09 02:04:34'),
(419, 'user419', 'password419', 'User Four Hundred Nineteen', 'user419@example.com', 'About User Four Hundred Nineteen', 0, '2024-05-09 02:04:34'),
(420, 'user420', 'password420', 'User Four Hundred Twenty', 'user420@example.com', 'About User Four Hundred Twenty', 0, '2024-05-09 02:04:34'),
(421, 'user421', 'password421', 'User Four Hundred Twenty-One', 'user421@example.com', 'About User Four Hundred Twenty-One', 0, '2024-05-09 02:04:34'),
(422, 'user422', 'password422', 'User Four Hundred Twenty-Two', 'user422@example.com', 'About User Four Hundred Twenty-Two', 0, '2024-05-09 02:04:34'),
(423, 'user423', 'password423', 'User Four Hundred Twenty-Three', 'user423@example.com', 'About User Four Hundred Twenty-Three', 0, '2024-05-09 02:04:34'),
(424, 'user424', 'password424', 'User Four Hundred Twenty-Four', 'user424@example.com', 'About User Four Hundred Twenty-Four', 0, '2024-05-09 02:04:34'),
(425, 'user425', 'password425', 'User Four Hundred Twenty-Five', 'user425@example.com', 'About User Four Hundred Twenty-Five', 0, '2024-05-09 02:04:34'),
(426, 'user426', 'password426', 'User Four Hundred Twenty-Six', 'user426@example.com', 'About User Four Hundred Twenty-Six', 0, '2024-05-09 02:04:34'),
(427, 'user427', 'password427', 'User Four Hundred Twenty-Seven', 'user427@example.com', 'About User Four Hundred Twenty-Seven', 0, '2024-05-09 02:04:34'),
(428, 'user428', 'password428', 'User Four Hundred Twenty-Eight', 'user428@example.com', 'About User Four Hundred Twenty-Eight', 0, '2024-05-09 02:04:34'),
(429, 'user429', 'password429', 'User Four Hundred Twenty-Nine', 'user429@example.com', 'About User Four Hundred Twenty-Nine', 0, '2024-05-09 02:04:34'),
(430, 'user430', 'password430', 'User Four Hundred Thirty', 'user430@example.com', 'About User Four Hundred Thirty', 0, '2024-05-09 02:04:34'),
(431, 'user431', 'password431', 'User Four Hundred Thirty-One', 'user431@example.com', 'About User Four Hundred Thirty-One', 0, '2024-05-09 02:04:34'),
(432, 'user432', 'password432', 'User Four Hundred Thirty-Two', 'user432@example.com', 'About User Four Hundred Thirty-Two', 0, '2024-05-09 02:04:34'),
(433, 'user433', 'password433', 'User Four Hundred Thirty-Three', 'user433@example.com', 'About User Four Hundred Thirty-Three', 0, '2024-05-09 02:04:34'),
(434, 'user434', 'password434', 'User Four Hundred Thirty-Four', 'user434@example.com', 'About User Four Hundred Thirty-Four', 0, '2024-05-09 02:04:34'),
(435, 'user435', 'password435', 'User Four Hundred Thirty-Five', 'user435@example.com', 'About User Four Hundred Thirty-Five', 0, '2024-05-09 02:04:34'),
(436, 'user436', 'password436', 'User Four Hundred Thirty-Six', 'user436@example.com', 'About User Four Hundred Thirty-Six', 0, '2024-05-09 02:04:34'),
(437, 'user437', 'password437', 'User Four Hundred Thirty-Seven', 'user437@example.com', 'About User Four Hundred Thirty-Seven', 0, '2024-05-09 02:04:34'),
(438, 'user438', 'password438', 'User Four Hundred Thirty-Eight', 'user438@example.com', 'About User Four Hundred Thirty-Eight', 0, '2024-05-09 02:04:34'),
(439, 'user439', 'password439', 'User Four Hundred Thirty-Nine', 'user439@example.com', 'About User Four Hundred Thirty-Nine', 0, '2024-05-09 02:04:34'),
(440, 'user440', 'password440', 'User Four Hundred Forty', 'user440@example.com', 'About User Four Hundred Forty', 0, '2024-05-09 02:04:34'),
(441, 'user441', 'password441', 'User Four Hundred Forty-One', 'user441@example.com', 'About User Four Hundred Forty-One', 0, '2024-05-09 02:04:34'),
(442, 'user442', 'password442', 'User Four Hundred Forty-Two', 'user442@example.com', 'About User Four Hundred Forty-Two', 0, '2024-05-09 02:04:34'),
(443, 'user443', 'password443', 'User Four Hundred Forty-Three', 'user443@example.com', 'About User Four Hundred Forty-Three', 0, '2024-05-09 02:04:34'),
(444, 'user444', 'password444', 'User Four Hundred Forty-Four', 'user444@example.com', 'About User Four Hundred Forty-Four', 0, '2024-05-09 02:04:34'),
(445, 'user445', 'password445', 'User Four Hundred Forty-Five', 'user445@example.com', 'About User Four Hundred Forty-Five', 0, '2024-05-09 02:04:34'),
(446, 'user446', 'password446', 'User Four Hundred Forty-Six', 'user446@example.com', 'About User Four Hundred Forty-Six', 0, '2024-05-09 02:04:34'),
(447, 'user447', 'password447', 'User Four Hundred Forty-Seven', 'user447@example.com', 'About User Four Hundred Forty-Seven', 0, '2024-05-09 02:04:34'),
(448, 'user448', 'password448', 'User Four Hundred Forty-Eight', 'user448@example.com', 'About User Four Hundred Forty-Eight', 0, '2024-05-09 02:04:34'),
(449, 'user449', 'password449', 'User Four Hundred Forty-Nine', 'user449@example.com', 'About User Four Hundred Forty-Nine', 0, '2024-05-09 02:04:34'),
(450, 'user450', 'password450', 'User Four Hundred Fifty', 'user450@example.com', 'About User Four Hundred Fifty', 0, '2024-05-09 02:04:34'),
(451, 'user451', 'password451', 'User Four Hundred Fifty-One', 'user451@example.com', 'About User Four Hundred Fifty-One', 0, '2024-05-09 02:04:34'),
(452, 'user452', 'password452', 'User Four Hundred Fifty-Two', 'user452@example.com', 'About User Four Hundred Fifty-Two', 0, '2024-05-09 02:04:34'),
(453, 'user453', 'password453', 'User Four Hundred Fifty-Three', 'user453@example.com', 'About User Four Hundred Fifty-Three', 0, '2024-05-09 02:04:34'),
(454, 'user454', 'password454', 'User Four Hundred Fifty-Four', 'user454@example.com', 'About User Four Hundred Fifty-Four', 0, '2024-05-09 02:04:34'),
(455, 'user455', 'password455', 'User Four Hundred Fifty-Five', 'user455@example.com', 'About User Four Hundred Fifty-Five', 0, '2024-05-09 02:04:34'),
(456, 'user456', 'password456', 'User Four Hundred Fifty-Six', 'user456@example.com', 'About User Four Hundred Fifty-Six', 0, '2024-05-09 02:04:34'),
(457, 'user457', 'password457', 'User Four Hundred Fifty-Seven', 'user457@example.com', 'About User Four Hundred Fifty-Seven', 0, '2024-05-09 02:04:34'),
(458, 'user458', 'password458', 'User Four Hundred Fifty-Eight', 'user458@example.com', 'About User Four Hundred Fifty-Eight', 0, '2024-05-09 02:04:34'),
(459, 'user459', 'password459', 'User Four Hundred Fifty-Nine', 'user459@example.com', 'About User Four Hundred Fifty-Nine', 0, '2024-05-09 02:04:34'),
(460, 'user460', 'password460', 'User Four Hundred Sixty', 'user460@example.com', 'About User Four Hundred Sixty', 0, '2024-05-09 02:04:34'),
(461, 'user461', 'password461', 'User Four Hundred Sixty-One', 'user461@example.com', 'About User Four Hundred Sixty-One', 0, '2024-05-09 02:04:34'),
(462, 'user462', 'password462', 'User Four Hundred Sixty-Two', 'user462@example.com', 'About User Four Hundred Sixty-Two', 0, '2024-05-09 02:04:34'),
(463, 'user463', 'password463', 'User Four Hundred Sixty-Three', 'user463@example.com', 'About User Four Hundred Sixty-Three', 0, '2024-05-09 02:04:34'),
(464, 'user464', 'password464', 'User Four Hundred Sixty-Four', 'user464@example.com', 'About User Four Hundred Sixty-Four', 0, '2024-05-09 02:04:34'),
(465, 'user465', 'password465', 'User Four Hundred Sixty-Five', 'user465@example.com', 'About User Four Hundred Sixty-Five', 0, '2024-05-09 02:04:34'),
(466, 'user466', 'password466', 'User Four Hundred Sixty-Six', 'user466@example.com', 'About User Four Hundred Sixty-Six', 0, '2024-05-09 02:04:34'),
(467, 'user467', 'password467', 'User Four Hundred Sixty-Seven', 'user467@example.com', 'About User Four Hundred Sixty-Seven', 0, '2024-05-09 02:04:34'),
(468, 'user468', 'password468', 'User Four Hundred Sixty-Eight', 'user468@example.com', 'About User Four Hundred Sixty-Eight', 0, '2024-05-09 02:04:34'),
(469, 'user469', 'password469', 'User Four Hundred Sixty-Nine', 'user469@example.com', 'About User Four Hundred Sixty-Nine', 0, '2024-05-09 02:04:34'),
(470, 'user470', 'password470', 'User Four Hundred Seventy', 'user470@example.com', 'About User Four Hundred Seventy', 0, '2024-05-09 02:04:34'),
(471, 'user471', 'password471', 'User Four Hundred Seventy-One', 'user471@example.com', 'About User Four Hundred Seventy-One', 0, '2024-05-09 02:04:34'),
(472, 'user472', 'password472', 'User Four Hundred Seventy-Two', 'user472@example.com', 'About User Four Hundred Seventy-Two', 0, '2024-05-09 02:04:34'),
(473, 'user473', 'password473', 'User Four Hundred Seventy-Three', 'user473@example.com', 'About User Four Hundred Seventy-Three', 0, '2024-05-09 02:04:34'),
(474, 'user474', 'password474', 'User Four Hundred Seventy-Four', 'user474@example.com', 'About User Four Hundred Seventy-Four', 0, '2024-05-09 02:04:34'),
(475, 'user475', 'password475', 'User Four Hundred Seventy-Five', 'user475@example.com', 'About User Four Hundred Seventy-Five', 0, '2024-05-09 02:04:34'),
(476, 'user476', 'password476', 'User Four Hundred Seventy-Six', 'user476@example.com', 'About User Four Hundred Seventy-Six', 0, '2024-05-09 02:04:34'),
(477, 'user477', 'password477', 'User Four Hundred Seventy-Seven', 'user477@example.com', 'About User Four Hundred Seventy-Seven', 0, '2024-05-09 02:04:34'),
(478, 'user478', 'password478', 'User Four Hundred Seventy-Eight', 'user478@example.com', 'About User Four Hundred Seventy-Eight', 0, '2024-05-09 02:04:34'),
(479, 'user479', 'password479', 'User Four Hundred Seventy-Nine', 'user479@example.com', 'About User Four Hundred Seventy-Nine', 0, '2024-05-09 02:04:34'),
(480, 'user480', 'password480', 'User Four Hundred Eighty', 'user480@example.com', 'About User Four Hundred Eighty', 0, '2024-05-09 02:04:34'),
(481, 'user481', 'password481', 'User Four Hundred Eighty-One', 'user481@example.com', 'About User Four Hundred Eighty-One', 0, '2024-05-09 02:04:34'),
(482, 'user482', 'password482', 'User Four Hundred Eighty-Two', 'user482@example.com', 'About User Four Hundred Eighty-Two', 0, '2024-05-09 02:04:34'),
(483, 'user483', 'password483', 'User Four Hundred Eighty-Three', 'user483@example.com', 'About User Four Hundred Eighty-Three', 0, '2024-05-09 02:04:34'),
(484, 'user484', 'password484', 'User Four Hundred Eighty-Four', 'user484@example.com', 'About User Four Hundred Eighty-Four', 0, '2024-05-09 02:04:34'),
(485, 'user485', 'password485', 'User Four Hundred Eighty-Five', 'user485@example.com', 'About User Four Hundred Eighty-Five', 0, '2024-05-09 02:04:34'),
(486, 'user486', 'password486', 'User Four Hundred Eighty-Six', 'user486@example.com', 'About User Four Hundred Eighty-Six', 0, '2024-05-09 02:04:34'),
(487, 'user487', 'password487', 'User Four Hundred Eighty-Seven', 'user487@example.com', 'About User Four Hundred Eighty-Seven', 0, '2024-05-09 02:04:34'),
(488, 'user488', 'password488', 'User Four Hundred Eighty-Eight', 'user488@example.com', 'About User Four Hundred Eighty-Eight', 0, '2024-05-09 02:04:34'),
(489, 'user489', 'password489', 'User Four Hundred Eighty-Nine', 'user489@example.com', 'About User Four Hundred Eighty-Nine', 0, '2024-05-09 02:04:34'),
(490, 'user490', 'password490', 'User Four Hundred Ninety', 'user490@example.com', 'About User Four Hundred Ninety', 0, '2024-05-09 02:04:34'),
(491, 'user491', 'password491', 'User Four Hundred Ninety-One', 'user491@example.com', 'About User Four Hundred Ninety-One', 0, '2024-05-09 02:04:34'),
(492, 'user492', 'password492', 'User Four Hundred Ninety-Two', 'user492@example.com', 'About User Four Hundred Ninety-Two', 0, '2024-05-09 02:04:34'),
(493, 'user493', 'password493', 'User Four Hundred Ninety-Three', 'user493@example.com', 'About User Four Hundred Ninety-Three', 0, '2024-05-09 02:04:34'),
(494, 'user494', 'password494', 'User Four Hundred Ninety-Four', 'user494@example.com', 'About User Four Hundred Ninety-Four', 0, '2024-05-09 02:04:34'),
(495, 'user495', 'password495', 'User Four Hundred Ninety-Five', 'user495@example.com', 'About User Four Hundred Ninety-Five', 0, '2024-05-09 02:04:34'),
(496, 'user496', 'password496', 'User Four Hundred Ninety-Six', 'user496@example.com', 'About User Four Hundred Ninety-Six', 0, '2024-05-09 02:04:34'),
(497, 'user497', 'password497', 'User Four Hundred Ninety-Seven', 'user497@example.com', 'About User Four Hundred Ninety-Seven', 0, '2024-05-09 02:04:34'),
(498, 'user498', 'password498', 'User Four Hundred Ninety-Eight', 'user498@example.com', 'About User Four Hundred Ninety-Eight', 0, '2024-05-09 02:04:34'),
(499, 'user499', 'password499', 'User Four Hundred Ninety-Nine', 'user499@example.com', 'About User Four Hundred Ninety-Nine', 0, '2024-05-09 02:04:34'),
(500, 'user500', 'password500', 'User Five Hundred', 'user500@example.com', 'About User Five Hundred', 0, '2024-05-09 02:04:34'),
(501, 'user501', 'password501', 'User Five Hundred One', 'user501@example.com', 'About User Five Hundred One', 0, '2024-05-09 02:04:34'),
(502, 'user502', 'password502', 'User Five Hundred Two', 'user502@example.com', 'About User Five Hundred Two', 0, '2024-05-09 02:04:34'),
(503, 'user503', 'password503', 'User Five Hundred Three', 'user503@example.com', 'About User Five Hundred Three', 0, '2024-05-09 02:04:34'),
(504, 'user504', 'password504', 'User Five Hundred Four', 'user504@example.com', 'About User Five Hundred Four', 0, '2024-05-09 02:04:34'),
(505, 'user505', 'password505', 'User Five Hundred Five', 'user505@example.com', 'About User Five Hundred Five', 0, '2024-05-09 02:04:34'),
(506, 'user506', 'password506', 'User Five Hundred Six', 'user506@example.com', 'About User Five Hundred Six', 0, '2024-05-09 02:04:34'),
(507, 'user507', 'password507', 'User Five Hundred Seven', 'user507@example.com', 'About User Five Hundred Seven', 0, '2024-05-09 02:04:34'),
(508, 'user508', 'password508', 'User Five Hundred Eight', 'user508@example.com', 'About User Five Hundred Eight', 0, '2024-05-09 02:04:34'),
(509, 'user509', 'password509', 'User Five Hundred Nine', 'user509@example.com', 'About User Five Hundred Nine', 0, '2024-05-09 02:04:34'),
(510, 'user510', 'password510', 'User Five Hundred Ten', 'user510@example.com', 'About User Five Hundred Ten', 0, '2024-05-09 02:04:34'),
(511, 'user511', 'password511', 'User Five Hundred Eleven', 'user511@example.com', 'About User Five Hundred Eleven', 0, '2024-05-09 02:04:34'),
(512, 'user512', 'password512', 'User Five Hundred Twelve', 'user512@example.com', 'About User Five Hundred Twelve', 0, '2024-05-09 02:04:34'),
(513, 'user513', 'password513', 'User Five Hundred Thirteen', 'user513@example.com', 'About User Five Hundred Thirteen', 0, '2024-05-09 02:04:34'),
(514, 'user514', 'password514', 'User Five Hundred Fourteen', 'user514@example.com', 'About User Five Hundred Fourteen', 0, '2024-05-09 02:04:34'),
(515, 'user515', 'password515', 'User Five Hundred Fifteen', 'user515@example.com', 'About User Five Hundred Fifteen', 0, '2024-05-09 02:04:34'),
(516, 'user516', 'password516', 'User Five Hundred Sixteen', 'user516@example.com', 'About User Five Hundred Sixteen', 0, '2024-05-09 02:04:34'),
(517, 'user517', 'password517', 'User Five Hundred Seventeen', 'user517@example.com', 'About User Five Hundred Seventeen', 0, '2024-05-09 02:04:34'),
(518, 'user518', 'password518', 'User Five Hundred Eighteen', 'user518@example.com', 'About User Five Hundred Eighteen', 0, '2024-05-09 02:04:34'),
(519, 'user519', 'password519', 'User Five Hundred Nineteen', 'user519@example.com', 'About User Five Hundred Nineteen', 0, '2024-05-09 02:04:34'),
(520, 'user520', 'password520', 'User Five Hundred Twenty', 'user520@example.com', 'About User Five Hundred Twenty', 0, '2024-05-09 02:04:34'),
(521, 'user521', 'password521', 'User Five Hundred Twenty-One', 'user521@example.com', 'About User Five Hundred Twenty-One', 0, '2024-05-09 02:04:34'),
(522, 'user522', 'password522', 'User Five Hundred Twenty-Two', 'user522@example.com', 'About User Five Hundred Twenty-Two', 0, '2024-05-09 02:04:34'),
(523, 'user523', 'password523', 'User Five Hundred Twenty-Three', 'user523@example.com', 'About User Five Hundred Twenty-Three', 0, '2024-05-09 02:04:34'),
(524, 'user524', 'password524', 'User Five Hundred Twenty-Four', 'user524@example.com', 'About User Five Hundred Twenty-Four', 0, '2024-05-09 02:04:34'),
(525, 'user525', 'password525', 'User Five Hundred Twenty-Five', 'user525@example.com', 'About User Five Hundred Twenty-Five', 0, '2024-05-09 02:04:34'),
(526, 'user526', 'password526', 'User Five Hundred Twenty-Six', 'user526@example.com', 'About User Five Hundred Twenty-Six', 0, '2024-05-09 02:04:34'),
(527, 'user527', 'password527', 'User Five Hundred Twenty-Seven', 'user527@example.com', 'About User Five Hundred Twenty-Seven', 0, '2024-05-09 02:04:34'),
(528, 'user528', 'password528', 'User Five Hundred Twenty-Eight', 'user528@example.com', 'About User Five Hundred Twenty-Eight', 0, '2024-05-09 02:04:34'),
(529, 'user529', 'password529', 'User Five Hundred Twenty-Nine', 'user529@example.com', 'About User Five Hundred Twenty-Nine', 0, '2024-05-09 02:04:34'),
(530, 'user530', 'password530', 'User Five Hundred Thirty', 'user530@example.com', 'About User Five Hundred Thirty', 0, '2024-05-09 02:04:34'),
(531, 'user531', 'password531', 'User Five Hundred Thirty-One', 'user531@example.com', 'About User Five Hundred Thirty-One', 0, '2024-05-09 02:04:34'),
(532, 'user532', 'password532', 'User Five Hundred Thirty-Two', 'user532@example.com', 'About User Five Hundred Thirty-Two', 0, '2024-05-09 02:04:34'),
(533, 'user533', 'password533', 'User Five Hundred Thirty-Three', 'user533@example.com', 'About User Five Hundred Thirty-Three', 0, '2024-05-09 02:04:34'),
(534, 'user534', 'password534', 'User Five Hundred Thirty-Four', 'user534@example.com', 'About User Five Hundred Thirty-Four', 0, '2024-05-09 02:04:34'),
(535, 'user535', 'password535', 'User Five Hundred Thirty-Five', 'user535@example.com', 'About User Five Hundred Thirty-Five', 0, '2024-05-09 02:04:34'),
(536, 'user536', 'password536', 'User Five Hundred Thirty-Six', 'user536@example.com', 'About User Five Hundred Thirty-Six', 0, '2024-05-09 02:04:34'),
(537, 'user537', 'password537', 'User Five Hundred Thirty-Seven', 'user537@example.com', 'About User Five Hundred Thirty-Seven', 0, '2024-05-09 02:04:34'),
(538, 'user538', 'password538', 'User Five Hundred Thirty-Eight', 'user538@example.com', 'About User Five Hundred Thirty-Eight', 0, '2024-05-09 02:04:34'),
(539, 'user539', 'password539', 'User Five Hundred Thirty-Nine', 'user539@example.com', 'About User Five Hundred Thirty-Nine', 0, '2024-05-09 02:04:34'),
(540, 'user540', 'password540', 'User Five Hundred Forty', 'user540@example.com', 'About User Five Hundred Forty', 0, '2024-05-09 02:04:34'),
(541, 'user541', 'password541', 'User Five Hundred Forty-One', 'user541@example.com', 'About User Five Hundred Forty-One', 0, '2024-05-09 02:04:34'),
(542, 'user542', 'password542', 'User Five Hundred Forty-Two', 'user542@example.com', 'About User Five Hundred Forty-Two', 0, '2024-05-09 02:04:34'),
(543, 'user543', 'password543', 'User Five Hundred Forty-Three', 'user543@example.com', 'About User Five Hundred Forty-Three', 0, '2024-05-09 02:04:34'),
(544, 'user544', 'password544', 'User Five Hundred Forty-Four', 'user544@example.com', 'About User Five Hundred Forty-Four', 0, '2024-05-09 02:04:34'),
(545, 'user545', 'password545', 'User Five Hundred Forty-Five', 'user545@example.com', 'About User Five Hundred Forty-Five', 0, '2024-05-09 02:04:34'),
(546, 'user546', 'password546', 'User Five Hundred Forty-Six', 'user546@example.com', 'About User Five Hundred Forty-Six', 0, '2024-05-09 02:04:34'),
(547, 'user547', 'password547', 'User Five Hundred Forty-Seven', 'user547@example.com', 'About User Five Hundred Forty-Seven', 0, '2024-05-09 02:04:34'),
(548, 'user548', 'password548', 'User Five Hundred Forty-Eight', 'user548@example.com', 'About User Five Hundred Forty-Eight', 0, '2024-05-09 02:04:34'),
(549, 'user549', 'password549', 'User Five Hundred Forty-Nine', 'user549@example.com', 'About User Five Hundred Forty-Nine', 0, '2024-05-09 02:04:34'),
(550, 'user550', 'password550', 'User Five Hundred Fifty', 'user550@example.com', 'About User Five Hundred Fifty', 0, '2024-05-09 02:04:34'),
(551, 'user551', 'password551', 'User Five Hundred Fifty-One', 'user551@example.com', 'About User Five Hundred Fifty-One', 0, '2024-05-09 02:04:34'),
(552, 'user552', 'password552', 'User Five Hundred Fifty-Two', 'user552@example.com', 'About User Five Hundred Fifty-Two', 0, '2024-05-09 02:04:34'),
(553, 'user553', 'password553', 'User Five Hundred Fifty-Three', 'user553@example.com', 'About User Five Hundred Fifty-Three', 0, '2024-05-09 02:04:34'),
(554, 'user554', 'password554', 'User Five Hundred Fifty-Four', 'user554@example.com', 'About User Five Hundred Fifty-Four', 0, '2024-05-09 02:04:34'),
(555, 'user555', 'password555', 'User Five Hundred Fifty-Five', 'user555@example.com', 'About User Five Hundred Fifty-Five', 0, '2024-05-09 02:04:34'),
(556, 'user556', 'password556', 'User Five Hundred Fifty-Six', 'user556@example.com', 'About User Five Hundred Fifty-Six', 0, '2024-05-09 02:04:34'),
(557, 'user557', 'password557', 'User Five Hundred Fifty-Seven', 'user557@example.com', 'About User Five Hundred Fifty-Seven', 0, '2024-05-09 02:04:34'),
(558, 'user558', 'password558', 'User Five Hundred Fifty-Eight', 'user558@example.com', 'About User Five Hundred Fifty-Eight', 0, '2024-05-09 02:04:34'),
(559, 'user559', 'password559', 'User Five Hundred Fifty-Nine', 'user559@example.com', 'About User Five Hundred Fifty-Nine', 0, '2024-05-09 02:04:34'),
(560, 'user560', 'password560', 'User Five Hundred Sixty', 'user560@example.com', 'About User Five Hundred Sixty', 0, '2024-05-09 02:04:34'),
(561, 'user561', 'password561', 'User Five Hundred Sixty-One', 'user561@example.com', 'About User Five Hundred Sixty-One', 0, '2024-05-09 02:04:34'),
(562, 'user562', 'password562', 'User Five Hundred Sixty-Two', 'user562@example.com', 'About User Five Hundred Sixty-Two', 0, '2024-05-09 02:04:34'),
(563, 'user563', 'password563', 'User Five Hundred Sixty-Three', 'user563@example.com', 'About User Five Hundred Sixty-Three', 0, '2024-05-09 02:04:34'),
(564, 'user564', 'password564', 'User Five Hundred Sixty-Four', 'user564@example.com', 'About User Five Hundred Sixty-Four', 0, '2024-05-09 02:04:34'),
(565, 'user565', 'password565', 'User Five Hundred Sixty-Five', 'user565@example.com', 'About User Five Hundred Sixty-Five', 0, '2024-05-09 02:04:34'),
(566, 'user566', 'password566', 'User Five Hundred Sixty-Six', 'user566@example.com', 'About User Five Hundred Sixty-Six', 0, '2024-05-09 02:04:34'),
(567, 'user567', 'password567', 'User Five Hundred Sixty-Seven', 'user567@example.com', 'About User Five Hundred Sixty-Seven', 0, '2024-05-09 02:04:34'),
(568, 'user568', 'password568', 'User Five Hundred Sixty-Eight', 'user568@example.com', 'About User Five Hundred Sixty-Eight', 0, '2024-05-09 02:04:34'),
(569, 'user569', 'password569', 'User Five Hundred Sixty-Nine', 'user569@example.com', 'About User Five Hundred Sixty-Nine', 0, '2024-05-09 02:04:34'),
(570, 'user570', 'password570', 'User Five Hundred Seventy', 'user570@example.com', 'About User Five Hundred Seventy', 0, '2024-05-09 02:04:34'),
(571, 'user571', 'password571', 'User Five Hundred Seventy-One', 'user571@example.com', 'About User Five Hundred Seventy-One', 0, '2024-05-09 02:04:34'),
(572, 'user572', 'password572', 'User Five Hundred Seventy-Two', 'user572@example.com', 'About User Five Hundred Seventy-Two', 0, '2024-05-09 02:04:34'),
(573, 'user573', 'password573', 'User Five Hundred Seventy-Three', 'user573@example.com', 'About User Five Hundred Seventy-Three', 0, '2024-05-09 02:04:34'),
(574, 'user574', 'password574', 'User Five Hundred Seventy-Four', 'user574@example.com', 'About User Five Hundred Seventy-Four', 0, '2024-05-09 02:04:34'),
(575, 'user575', 'password575', 'User Five Hundred Seventy-Five', 'user575@example.com', 'About User Five Hundred Seventy-Five', 0, '2024-05-09 02:04:34'),
(576, 'user576', 'password576', 'User Five Hundred Seventy-Six', 'user576@example.com', 'About User Five Hundred Seventy-Six', 0, '2024-05-09 02:04:34'),
(577, 'user577', 'password577', 'User Five Hundred Seventy-Seven', 'user577@example.com', 'About User Five Hundred Seventy-Seven', 0, '2024-05-09 02:04:34'),
(578, 'user578', 'password578', 'User Five Hundred Seventy-Eight', 'user578@example.com', 'About User Five Hundred Seventy-Eight', 0, '2024-05-09 02:04:34'),
(579, 'user579', 'password579', 'User Five Hundred Seventy-Nine', 'user579@example.com', 'About User Five Hundred Seventy-Nine', 0, '2024-05-09 02:04:34'),
(580, 'user580', 'password580', 'User Five Hundred Eighty', 'user580@example.com', 'About User Five Hundred Eighty', 0, '2024-05-09 02:04:34'),
(581, 'user581', 'password581', 'User Five Hundred Eighty-One', 'user581@example.com', 'About User Five Hundred Eighty-One', 0, '2024-05-09 02:04:34'),
(582, 'user582', 'password582', 'User Five Hundred Eighty-Two', 'user582@example.com', 'About User Five Hundred Eighty-Two', 0, '2024-05-09 02:04:34'),
(583, 'user583', 'password583', 'User Five Hundred Eighty-Three', 'user583@example.com', 'About User Five Hundred Eighty-Three', 0, '2024-05-09 02:04:34'),
(584, 'user584', 'password584', 'User Five Hundred Eighty-Four', 'user584@example.com', 'About User Five Hundred Eighty-Four', 0, '2024-05-09 02:04:34'),
(585, 'user585', 'password585', 'User Five Hundred Eighty-Five', 'user585@example.com', 'About User Five Hundred Eighty-Five', 0, '2024-05-09 02:04:34'),
(586, 'user586', 'password586', 'User Five Hundred Eighty-Six', 'user586@example.com', 'About User Five Hundred Eighty-Six', 0, '2024-05-09 02:04:34'),
(587, 'user587', 'password587', 'User Five Hundred Eighty-Seven', 'user587@example.com', 'About User Five Hundred Eighty-Seven', 0, '2024-05-09 02:04:34'),
(588, 'user588', 'password588', 'User Five Hundred Eighty-Eight', 'user588@example.com', 'About User Five Hundred Eighty-Eight', 0, '2024-05-09 02:04:34'),
(589, 'user589', 'password589', 'User Five Hundred Eighty-Nine', 'user589@example.com', 'About User Five Hundred Eighty-Nine', 0, '2024-05-09 02:04:34'),
(590, 'user590', 'password590', 'User Five Hundred Ninety', 'user590@example.com', 'About User Five Hundred Ninety', 0, '2024-05-09 02:04:34'),
(591, 'user591', 'password591', 'User Five Hundred Ninety-One', 'user591@example.com', 'About User Five Hundred Ninety-One', 0, '2024-05-09 02:04:34'),
(592, 'user592', 'password592', 'User Five Hundred Ninety-Two', 'user592@example.com', 'About User Five Hundred Ninety-Two', 0, '2024-05-09 02:04:34'),
(593, 'user593', 'password593', 'User Five Hundred Ninety-Three', 'user593@example.com', 'About User Five Hundred Ninety-Three', 0, '2024-05-09 02:04:34'),
(594, 'user594', 'password594', 'User Five Hundred Ninety-Four', 'user594@example.com', 'About User Five Hundred Ninety-Four', 0, '2024-05-09 02:04:34'),
(595, 'user595', 'password595', 'User Five Hundred Ninety-Five', 'user595@example.com', 'About User Five Hundred Ninety-Five', 0, '2024-05-09 02:04:34'),
(596, 'user596', 'password596', 'User Five Hundred Ninety-Six', 'user596@example.com', 'About User Five Hundred Ninety-Six', 0, '2024-05-09 02:04:34'),
(597, 'user597', 'password597', 'User Five Hundred Ninety-Seven', 'user597@example.com', 'About User Five Hundred Ninety-Seven', 0, '2024-05-09 02:04:34'),
(598, 'user598', 'password598', 'User Five Hundred Ninety-Eight', 'user598@example.com', 'About User Five Hundred Ninety-Eight', 0, '2024-05-09 02:04:34'),
(599, 'user599', 'password599', 'User Five Hundred Ninety-Nine', 'user599@example.com', 'About User Five Hundred Ninety-Nine', 0, '2024-05-09 02:04:34'),
(600, 'user600', 'password600', 'User Six Hundred', 'user600@example.com', 'About User Six Hundred', 0, '2024-05-09 02:04:34'),
(601, 'user601', 'password601', 'User Six Hundred One', 'user601@example.com', 'About User Six Hundred One', 0, '2024-05-09 02:04:34'),
(602, 'user602', 'password602', 'User Six Hundred Two', 'user602@example.com', 'About User Six Hundred Two', 0, '2024-05-09 02:04:34'),
(603, 'user603', 'password603', 'User Six Hundred Three', 'user603@example.com', 'About User Six Hundred Three', 0, '2024-05-09 02:04:34'),
(604, 'user604', 'password604', 'User Six Hundred Four', 'user604@example.com', 'About User Six Hundred Four', 0, '2024-05-09 02:04:34'),
(605, 'user605', 'password605', 'User Six Hundred Five', 'user605@example.com', 'About User Six Hundred Five', 0, '2024-05-09 02:04:34'),
(606, 'user606', 'password606', 'User Six Hundred Six', 'user606@example.com', 'About User Six Hundred Six', 0, '2024-05-09 02:04:34'),
(607, 'user607', 'password607', 'User Six Hundred Seven', 'user607@example.com', 'About User Six Hundred Seven', 0, '2024-05-09 02:04:34'),
(608, 'user608', 'password608', 'User Six Hundred Eight', 'user608@example.com', 'About User Six Hundred Eight', 0, '2024-05-09 02:04:34'),
(609, 'user609', 'password609', 'User Six Hundred Nine', 'user609@example.com', 'About User Six Hundred Nine', 0, '2024-05-09 02:04:34'),
(610, 'user610', 'password610', 'User Six Hundred Ten', 'user610@example.com', 'About User Six Hundred Ten', 0, '2024-05-09 02:04:34'),
(611, 'user611', 'password611', 'User Six Hundred Eleven', 'user611@example.com', 'About User Six Hundred Eleven', 0, '2024-05-09 02:04:34'),
(612, 'user612', 'password612', 'User Six Hundred Twelve', 'user612@example.com', 'About User Six Hundred Twelve', 0, '2024-05-09 02:04:34'),
(613, 'user613', 'password613', 'User Six Hundred Thirteen', 'user613@example.com', 'About User Six Hundred Thirteen', 0, '2024-05-09 02:04:34'),
(614, 'user614', 'password614', 'User Six Hundred Fourteen', 'user614@example.com', 'About User Six Hundred Fourteen', 0, '2024-05-09 02:04:34'),
(615, 'user615', 'password615', 'User Six Hundred Fifteen', 'user615@example.com', 'About User Six Hundred Fifteen', 0, '2024-05-09 02:04:34'),
(616, 'user616', 'password616', 'User Six Hundred Sixteen', 'user616@example.com', 'About User Six Hundred Sixteen', 0, '2024-05-09 02:04:34'),
(617, 'user617', 'password617', 'User Six Hundred Seventeen', 'user617@example.com', 'About User Six Hundred Seventeen', 0, '2024-05-09 02:04:34'),
(618, 'user618', 'password618', 'User Six Hundred Eighteen', 'user618@example.com', 'About User Six Hundred Eighteen', 0, '2024-05-09 02:04:34'),
(619, 'user619', 'password619', 'User Six Hundred Nineteen', 'user619@example.com', 'About User Six Hundred Nineteen', 0, '2024-05-09 02:04:34'),
(620, 'user620', 'password620', 'User Six Hundred Twenty', 'user620@example.com', 'About User Six Hundred Twenty', 0, '2024-05-09 02:04:34'),
(621, 'user621', 'password621', 'User Six Hundred Twenty-One', 'user621@example.com', 'About User Six Hundred Twenty-One', 0, '2024-05-09 02:04:34'),
(622, 'user622', 'password622', 'User Six Hundred Twenty-Two', 'user622@example.com', 'About User Six Hundred Twenty-Two', 0, '2024-05-09 02:04:34'),
(623, 'user623', 'password623', 'User Six Hundred Twenty-Three', 'user623@example.com', 'About User Six Hundred Twenty-Three', 0, '2024-05-09 02:04:34'),
(624, 'user624', 'password624', 'User Six Hundred Twenty-Four', 'user624@example.com', 'About User Six Hundred Twenty-Four', 0, '2024-05-09 02:04:34'),
(625, 'user625', 'password625', 'User Six Hundred Twenty-Five', 'user625@example.com', 'About User Six Hundred Twenty-Five', 0, '2024-05-09 02:04:34'),
(626, 'user626', 'password626', 'User Six Hundred Twenty-Six', 'user626@example.com', 'About User Six Hundred Twenty-Six', 0, '2024-05-09 02:04:34'),
(627, 'user627', 'password627', 'User Six Hundred Twenty-Seven', 'user627@example.com', 'About User Six Hundred Twenty-Seven', 0, '2024-05-09 02:04:34'),
(628, 'user628', 'password628', 'User Six Hundred Twenty-Eight', 'user628@example.com', 'About User Six Hundred Twenty-Eight', 0, '2024-05-09 02:04:34'),
(629, 'user629', 'password629', 'User Six Hundred Twenty-Nine', 'user629@example.com', 'About User Six Hundred Twenty-Nine', 0, '2024-05-09 02:04:34'),
(630, 'user630', 'password630', 'User Six Hundred Thirty', 'user630@example.com', 'About User Six Hundred Thirty', 0, '2024-05-09 02:04:34'),
(631, 'user631', 'password631', 'User Six Hundred Thirty-One', 'user631@example.com', 'About User Six Hundred Thirty-One', 0, '2024-05-09 02:04:34'),
(632, 'user632', 'password632', 'User Six Hundred Thirty-Two', 'user632@example.com', 'About User Six Hundred Thirty-Two', 0, '2024-05-09 02:04:34'),
(633, 'user633', 'password633', 'User Six Hundred Thirty-Three', 'user633@example.com', 'About User Six Hundred Thirty-Three', 0, '2024-05-09 02:04:34'),
(634, 'user634', 'password634', 'User Six Hundred Thirty-Four', 'user634@example.com', 'About User Six Hundred Thirty-Four', 0, '2024-05-09 02:04:34'),
(635, 'user635', 'password635', 'User Six Hundred Thirty-Five', 'user635@example.com', 'About User Six Hundred Thirty-Five', 0, '2024-05-09 02:04:35'),
(636, 'user636', 'password636', 'User Six Hundred Thirty-Six', 'user636@example.com', 'About User Six Hundred Thirty-Six', 0, '2024-05-09 02:04:35'),
(637, 'user637', 'password637', 'User Six Hundred Thirty-Seven', 'user637@example.com', 'About User Six Hundred Thirty-Seven', 0, '2024-05-09 02:04:35'),
(638, 'user638', 'password638', 'User Six Hundred Thirty-Eight', 'user638@example.com', 'About User Six Hundred Thirty-Eight', 0, '2024-05-09 02:04:35'),
(639, 'user639', 'password639', 'User Six Hundred Thirty-Nine', 'user639@example.com', 'About User Six Hundred Thirty-Nine', 0, '2024-05-09 02:04:35'),
(640, 'user640', 'password640', 'User Six Hundred Forty', 'user640@example.com', 'About User Six Hundred Forty', 0, '2024-05-09 02:04:35'),
(641, 'user641', 'password641', 'User Six Hundred Forty-One', 'user641@example.com', 'About User Six Hundred Forty-One', 0, '2024-05-09 02:04:35'),
(642, 'user642', 'password642', 'User Six Hundred Forty-Two', 'user642@example.com', 'About User Six Hundred Forty-Two', 0, '2024-05-09 02:04:35'),
(643, 'user643', 'password643', 'User Six Hundred Forty-Three', 'user643@example.com', 'About User Six Hundred Forty-Three', 0, '2024-05-09 02:04:35'),
(644, 'user644', 'password644', 'User Six Hundred Forty-Four', 'user644@example.com', 'About User Six Hundred Forty-Four', 0, '2024-05-09 02:04:35'),
(645, 'user645', 'password645', 'User Six Hundred Forty-Five', 'user645@example.com', 'About User Six Hundred Forty-Five', 0, '2024-05-09 02:04:35'),
(646, 'user646', 'password646', 'User Six Hundred Forty-Six', 'user646@example.com', 'About User Six Hundred Forty-Six', 0, '2024-05-09 02:04:35'),
(647, 'user647', 'password647', 'User Six Hundred Forty-Seven', 'user647@example.com', 'About User Six Hundred Forty-Seven', 0, '2024-05-09 02:04:35'),
(648, 'user648', 'password648', 'User Six Hundred Forty-Eight', 'user648@example.com', 'About User Six Hundred Forty-Eight', 0, '2024-05-09 02:04:35'),
(649, 'user649', 'password649', 'User Six Hundred Forty-Nine', 'user649@example.com', 'About User Six Hundred Forty-Nine', 0, '2024-05-09 02:04:35'),
(650, 'user650', 'password650', 'User Six Hundred Fifty', 'user650@example.com', 'About User Six Hundred Fifty', 0, '2024-05-09 02:04:35'),
(651, 'user651', 'password651', 'User Six Hundred Fifty-One', 'user651@example.com', 'About User Six Hundred Fifty-One', 0, '2024-05-09 02:04:35'),
(652, 'user652', 'password652', 'User Six Hundred Fifty-Two', 'user652@example.com', 'About User Six Hundred Fifty-Two', 0, '2024-05-09 02:04:35'),
(653, 'user653', 'password653', 'User Six Hundred Fifty-Three', 'user653@example.com', 'About User Six Hundred Fifty-Three', 0, '2024-05-09 02:04:35'),
(654, 'user654', 'password654', 'User Six Hundred Fifty-Four', 'user654@example.com', 'About User Six Hundred Fifty-Four', 0, '2024-05-09 02:04:35'),
(655, 'user655', 'password655', 'User Six Hundred Fifty-Five', 'user655@example.com', 'About User Six Hundred Fifty-Five', 0, '2024-05-09 02:04:35'),
(656, 'user656', 'password656', 'User Six Hundred Fifty-Six', 'user656@example.com', 'About User Six Hundred Fifty-Six', 0, '2024-05-09 02:04:35'),
(657, 'user657', 'password657', 'User Six Hundred Fifty-Seven', 'user657@example.com', 'About User Six Hundred Fifty-Seven', 0, '2024-05-09 02:04:35'),
(658, 'user658', 'password658', 'User Six Hundred Fifty-Eight', 'user658@example.com', 'About User Six Hundred Fifty-Eight', 0, '2024-05-09 02:04:35'),
(659, 'user659', 'password659', 'User Six Hundred Fifty-Nine', 'user659@example.com', 'About User Six Hundred Fifty-Nine', 0, '2024-05-09 02:04:35'),
(660, 'user660', 'password660', 'User Six Hundred Sixty', 'user660@example.com', 'About User Six Hundred Sixty', 0, '2024-05-09 02:04:35'),
(661, 'user661', 'password661', 'User Six Hundred Sixty-One', 'user661@example.com', 'About User Six Hundred Sixty-One', 0, '2024-05-09 02:04:35'),
(662, 'user662', 'password662', 'User Six Hundred Sixty-Two', 'user662@example.com', 'About User Six Hundred Sixty-Two', 0, '2024-05-09 02:04:35'),
(663, 'user663', 'password663', 'User Six Hundred Sixty-Three', 'user663@example.com', 'About User Six Hundred Sixty-Three', 0, '2024-05-09 02:04:35'),
(664, 'user664', 'password664', 'User Six Hundred Sixty-Four', 'user664@example.com', 'About User Six Hundred Sixty-Four', 0, '2024-05-09 02:04:35'),
(665, 'user665', 'password665', 'User Six Hundred Sixty-Five', 'user665@example.com', 'About User Six Hundred Sixty-Five', 0, '2024-05-09 02:04:35'),
(666, 'user666', 'password666', 'User Six Hundred Sixty-Six', 'user666@example.com', 'About User Six Hundred Sixty-Six', 0, '2024-05-09 02:04:35'),
(667, 'user667', 'password667', 'User Six Hundred Sixty-Seven', 'user667@example.com', 'About User Six Hundred Sixty-Seven', 0, '2024-05-09 02:04:35'),
(668, 'user668', 'password668', 'User Six Hundred Sixty-Eight', 'user668@example.com', 'About User Six Hundred Sixty-Eight', 0, '2024-05-09 02:04:35'),
(669, 'user669', 'password669', 'User Six Hundred Sixty-Nine', 'user669@example.com', 'About User Six Hundred Sixty-Nine', 0, '2024-05-09 02:04:35'),
(670, 'user670', 'password670', 'User Six Hundred Seventy', 'user670@example.com', 'About User Six Hundred Seventy', 0, '2024-05-09 02:04:35'),
(671, 'user671', 'password671', 'User Six Hundred Seventy-One', 'user671@example.com', 'About User Six Hundred Seventy-One', 0, '2024-05-09 02:04:35'),
(672, 'user672', 'password672', 'User Six Hundred Seventy-Two', 'user672@example.com', 'About User Six Hundred Seventy-Two', 0, '2024-05-09 02:04:35'),
(673, 'user673', 'password673', 'User Six Hundred Seventy-Three', 'user673@example.com', 'About User Six Hundred Seventy-Three', 0, '2024-05-09 02:04:35'),
(674, 'user674', 'password674', 'User Six Hundred Seventy-Four', 'user674@example.com', 'About User Six Hundred Seventy-Four', 0, '2024-05-09 02:04:35'),
(675, 'user675', 'password675', 'User Six Hundred Seventy-Five', 'user675@example.com', 'About User Six Hundred Seventy-Five', 0, '2024-05-09 02:04:35'),
(676, 'user676', 'password676', 'User Six Hundred Seventy-Six', 'user676@example.com', 'About User Six Hundred Seventy-Six', 0, '2024-05-09 02:04:35'),
(677, 'user677', 'password677', 'User Six Hundred Seventy-Seven', 'user677@example.com', 'About User Six Hundred Seventy-Seven', 0, '2024-05-09 02:04:35'),
(678, 'user678', 'password678', 'User Six Hundred Seventy-Eight', 'user678@example.com', 'About User Six Hundred Seventy-Eight', 0, '2024-05-09 02:04:35'),
(679, 'user679', 'password679', 'User Six Hundred Seventy-Nine', 'user679@example.com', 'About User Six Hundred Seventy-Nine', 0, '2024-05-09 02:04:35'),
(680, 'user680', 'password680', 'User Six Hundred Eighty', 'user680@example.com', 'About User Six Hundred Eighty', 0, '2024-05-09 02:04:35'),
(681, 'user681', 'password681', 'User Six Hundred Eighty-One', 'user681@example.com', 'About User Six Hundred Eighty-One', 0, '2024-05-09 02:04:35'),
(682, 'user682', 'password682', 'User Six Hundred Eighty-Two', 'user682@example.com', 'About User Six Hundred Eighty-Two', 0, '2024-05-09 02:04:35'),
(683, 'user683', 'password683', 'User Six Hundred Eighty-Three', 'user683@example.com', 'About User Six Hundred Eighty-Three', 0, '2024-05-09 02:04:35'),
(684, 'user684', 'password684', 'User Six Hundred Eighty-Four', 'user684@example.com', 'About User Six Hundred Eighty-Four', 0, '2024-05-09 02:04:35'),
(685, 'user685', 'password685', 'User Six Hundred Eighty-Five', 'user685@example.com', 'About User Six Hundred Eighty-Five', 0, '2024-05-09 02:04:35'),
(686, 'user686', 'password686', 'User Six Hundred Eighty-Six', 'user686@example.com', 'About User Six Hundred Eighty-Six', 0, '2024-05-09 02:04:35'),
(687, 'user687', 'password687', 'User Six Hundred Eighty-Seven', 'user687@example.com', 'About User Six Hundred Eighty-Seven', 0, '2024-05-09 02:04:35'),
(688, 'user688', 'password688', 'User Six Hundred Eighty-Eight', 'user688@example.com', 'About User Six Hundred Eighty-Eight', 0, '2024-05-09 02:04:35'),
(689, 'user689', 'password689', 'User Six Hundred Eighty-Nine', 'user689@example.com', 'About User Six Hundred Eighty-Nine', 0, '2024-05-09 02:04:35'),
(690, 'user690', 'password690', 'User Six Hundred Ninety', 'user690@example.com', 'About User Six Hundred Ninety', 0, '2024-05-09 02:04:35'),
(691, 'user691', 'password691', 'User Six Hundred Ninety-One', 'user691@example.com', 'About User Six Hundred Ninety-One', 0, '2024-05-09 02:04:35'),
(692, 'user692', 'password692', 'User Six Hundred Ninety-Two', 'user692@example.com', 'About User Six Hundred Ninety-Two', 0, '2024-05-09 02:04:35'),
(693, 'user693', 'password693', 'User Six Hundred Ninety-Three', 'user693@example.com', 'About User Six Hundred Ninety-Three', 0, '2024-05-09 02:04:35');
INSERT INTO `accounts` (`userid`, `username`, `password`, `displayName`, `email`, `aboutMe`, `permissionLevel`, `create_at`) VALUES
(694, 'user694', 'password694', 'User Six Hundred Ninety-Four', 'user694@example.com', 'About User Six Hundred Ninety-Four', 0, '2024-05-09 02:04:35'),
(695, 'user695', 'password695', 'User Six Hundred Ninety-Five', 'user695@example.com', 'About User Six Hundred Ninety-Five', 0, '2024-05-09 02:04:35'),
(696, 'user696', 'password696', 'User Six Hundred Ninety-Six', 'user696@example.com', 'About User Six Hundred Ninety-Six', 0, '2024-05-09 02:04:35'),
(697, 'user697', 'password697', 'User Six Hundred Ninety-Seven', 'user697@example.com', 'About User Six Hundred Ninety-Seven', 0, '2024-05-09 02:04:35'),
(698, 'user698', 'password698', 'User Six Hundred Ninety-Eight', 'user698@example.com', 'About User Six Hundred Ninety-Eight', 0, '2024-05-09 02:04:35'),
(699, 'user699', 'password699', 'User Six Hundred Ninety-Nine', 'user699@example.com', 'About User Six Hundred Ninety-Nine', 0, '2024-05-09 02:04:35'),
(700, 'user700', 'password700', 'User Seven Hundred', 'user700@example.com', 'About User Seven Hundred', 0, '2024-05-09 02:04:35'),
(701, 'user701', 'password701', 'User Seven Hundred One', 'user701@example.com', 'About User Seven Hundred One', 0, '2024-05-09 02:04:35'),
(702, 'user702', 'password702', 'User Seven Hundred Two', 'user702@example.com', 'About User Seven Hundred Two', 0, '2024-05-09 02:04:35'),
(703, 'user703', 'password703', 'User Seven Hundred Three', 'user703@example.com', 'About User Seven Hundred Three', 0, '2024-05-09 02:04:35'),
(704, 'user704', 'password704', 'User Seven Hundred Four', 'user704@example.com', 'About User Seven Hundred Four', 0, '2024-05-09 02:04:35'),
(705, 'user705', 'password705', 'User Seven Hundred Five', 'user705@example.com', 'About User Seven Hundred Five', 0, '2024-05-09 02:04:35'),
(706, 'user706', 'password706', 'User Seven Hundred Six', 'user706@example.com', 'About User Seven Hundred Six', 0, '2024-05-09 02:04:35'),
(707, 'user707', 'password707', 'User Seven Hundred Seven', 'user707@example.com', 'About User Seven Hundred Seven', 0, '2024-05-09 02:04:35'),
(708, 'user708', 'password708', 'User Seven Hundred Eight', 'user708@example.com', 'About User Seven Hundred Eight', 0, '2024-05-09 02:04:35'),
(709, 'user709', 'password709', 'User Seven Hundred Nine', 'user709@example.com', 'About User Seven Hundred Nine', 0, '2024-05-09 02:04:35'),
(710, 'user710', 'password710', 'User Seven Hundred Ten', 'user710@example.com', 'About User Seven Hundred Ten', 0, '2024-05-09 02:04:35'),
(711, 'user711', 'password711', 'User Seven Hundred Eleven', 'user711@example.com', 'About User Seven Hundred Eleven', 0, '2024-05-09 02:04:35'),
(712, 'user712', 'password712', 'User Seven Hundred Twelve', 'user712@example.com', 'About User Seven Hundred Twelve', 0, '2024-05-09 02:04:35'),
(713, 'user713', 'password713', 'User Seven Hundred Thirteen', 'user713@example.com', 'About User Seven Hundred Thirteen', 0, '2024-05-09 02:04:35'),
(714, 'user714', 'password714', 'User Seven Hundred Fourteen', 'user714@example.com', 'About User Seven Hundred Fourteen', 0, '2024-05-09 02:04:35'),
(715, 'user715', 'password715', 'User Seven Hundred Fifteen', 'user715@example.com', 'About User Seven Hundred Fifteen', 0, '2024-05-09 02:04:35'),
(716, 'user716', 'password716', 'User Seven Hundred Sixteen', 'user716@example.com', 'About User Seven Hundred Sixteen', 0, '2024-05-09 02:04:35'),
(717, 'user717', 'password717', 'User Seven Hundred Seventeen', 'user717@example.com', 'About User Seven Hundred Seventeen', 0, '2024-05-09 02:04:35'),
(718, 'user718', 'password718', 'User Seven Hundred Eighteen', 'user718@example.com', 'About User Seven Hundred Eighteen', 0, '2024-05-09 02:04:35'),
(719, 'user719', 'password719', 'User Seven Hundred Nineteen', 'user719@example.com', 'About User Seven Hundred Nineteen', 0, '2024-05-09 02:04:35'),
(720, 'user720', 'password720', 'User Seven Hundred Twenty', 'user720@example.com', 'About User Seven Hundred Twenty', 0, '2024-05-09 02:04:35'),
(721, 'user721', 'password721', 'User Seven Hundred Twenty-One', 'user721@example.com', 'About User Seven Hundred Twenty-One', 0, '2024-05-09 02:04:35'),
(722, 'user722', 'password722', 'User Seven Hundred Twenty-Two', 'user722@example.com', 'About User Seven Hundred Twenty-Two', 0, '2024-05-09 02:04:35'),
(723, 'user723', 'password723', 'User Seven Hundred Twenty-Three', 'user723@example.com', 'About User Seven Hundred Twenty-Three', 0, '2024-05-09 02:04:35'),
(724, 'user724', 'password724', 'User Seven Hundred Twenty-Four', 'user724@example.com', 'About User Seven Hundred Twenty-Four', 0, '2024-05-09 02:04:35'),
(725, 'user725', 'password725', 'User Seven Hundred Twenty-Five', 'user725@example.com', 'About User Seven Hundred Twenty-Five', 0, '2024-05-09 02:04:35'),
(726, 'user726', 'password726', 'User Seven Hundred Twenty-Six', 'user726@example.com', 'About User Seven Hundred Twenty-Six', 0, '2024-05-09 02:04:35'),
(727, 'user727', 'password727', 'User Seven Hundred Twenty-Seven', 'user727@example.com', 'About User Seven Hundred Twenty-Seven', 0, '2024-05-09 02:04:35'),
(728, 'user728', 'password728', 'User Seven Hundred Twenty-Eight', 'user728@example.com', 'About User Seven Hundred Twenty-Eight', 0, '2024-05-09 02:04:35'),
(729, 'user729', 'password729', 'User Seven Hundred Twenty-Nine', 'user729@example.com', 'About User Seven Hundred Twenty-Nine', 0, '2024-05-09 02:04:35'),
(730, 'user730', 'password730', 'User Seven Hundred Thirty', 'user730@example.com', 'About User Seven Hundred Thirty', 0, '2024-05-09 02:04:35'),
(731, 'user731', 'password731', 'User Seven Hundred Thirty-One', 'user731@example.com', 'About User Seven Hundred Thirty-One', 0, '2024-05-09 02:04:35'),
(732, 'user732', 'password732', 'User Seven Hundred Thirty-Two', 'user732@example.com', 'About User Seven Hundred Thirty-Two', 0, '2024-05-09 02:04:35'),
(733, 'user733', 'password733', 'User Seven Hundred Thirty-Three', 'user733@example.com', 'About User Seven Hundred Thirty-Three', 0, '2024-05-09 02:04:35'),
(734, 'user734', 'password734', 'User Seven Hundred Thirty-Four', 'user734@example.com', 'About User Seven Hundred Thirty-Four', 0, '2024-05-09 02:04:35'),
(735, 'user735', 'password735', 'User Seven Hundred Thirty-Five', 'user735@example.com', 'About User Seven Hundred Thirty-Five', 0, '2024-05-09 02:04:35'),
(736, 'user736', 'password736', 'User Seven Hundred Thirty-Six', 'user736@example.com', 'About User Seven Hundred Thirty-Six', 0, '2024-05-09 02:04:35'),
(737, 'user737', 'password737', 'User Seven Hundred Thirty-Seven', 'user737@example.com', 'About User Seven Hundred Thirty-Seven', 0, '2024-05-09 02:04:35'),
(738, 'user738', 'password738', 'User Seven Hundred Thirty-Eight', 'user738@example.com', 'About User Seven Hundred Thirty-Eight', 0, '2024-05-09 02:04:35'),
(739, 'user739', 'password739', 'User Seven Hundred Thirty-Nine', 'user739@example.com', 'About User Seven Hundred Thirty-Nine', 0, '2024-05-09 02:04:35'),
(740, 'user740', 'password740', 'User Seven Hundred Forty', 'user740@example.com', 'About User Seven Hundred Forty', 0, '2024-05-09 02:04:35'),
(741, 'user741', 'password741', 'User Seven Hundred Forty-One', 'user741@example.com', 'About User Seven Hundred Forty-One', 0, '2024-05-09 02:04:35'),
(742, 'user742', 'password742', 'User Seven Hundred Forty-Two', 'user742@example.com', 'About User Seven Hundred Forty-Two', 0, '2024-05-09 02:04:35'),
(743, 'user743', 'password743', 'User Seven Hundred Forty-Three', 'user743@example.com', 'About User Seven Hundred Forty-Three', 0, '2024-05-09 02:04:35'),
(744, 'user744', 'password744', 'User Seven Hundred Forty-Four', 'user744@example.com', 'About User Seven Hundred Forty-Four', 0, '2024-05-09 02:04:35'),
(745, 'user745', 'password745', 'User Seven Hundred Forty-Five', 'user745@example.com', 'About User Seven Hundred Forty-Five', 0, '2024-05-09 02:04:35'),
(746, 'user746', 'password746', 'User Seven Hundred Forty-Six', 'user746@example.com', 'About User Seven Hundred Forty-Six', 0, '2024-05-09 02:04:35'),
(747, 'user747', 'password747', 'User Seven Hundred Forty-Seven', 'user747@example.com', 'About User Seven Hundred Forty-Seven', 0, '2024-05-09 02:04:35'),
(748, 'user748', 'password748', 'User Seven Hundred Forty-Eight', 'user748@example.com', 'About User Seven Hundred Forty-Eight', 0, '2024-05-09 02:04:35'),
(749, 'user749', 'password749', 'User Seven Hundred Forty-Nine', 'user749@example.com', 'About User Seven Hundred Forty-Nine', 0, '2024-05-09 02:04:35'),
(750, 'user750', 'password750', 'User Seven Hundred Fifty', 'user750@example.com', 'About User Seven Hundred Fifty', 0, '2024-05-09 02:04:35'),
(751, 'user751', 'password751', 'User Seven Hundred Fifty-One', 'user751@example.com', 'About User Seven Hundred Fifty-One', 0, '2024-05-09 02:04:35'),
(752, 'user752', 'password752', 'User Seven Hundred Fifty-Two', 'user752@example.com', 'About User Seven Hundred Fifty-Two', 0, '2024-05-09 02:04:35'),
(753, 'user753', 'password753', 'User Seven Hundred Fifty-Three', 'user753@example.com', 'About User Seven Hundred Fifty-Three', 0, '2024-05-09 02:04:35'),
(754, 'user754', 'password754', 'User Seven Hundred Fifty-Four', 'user754@example.com', 'About User Seven Hundred Fifty-Four', 0, '2024-05-09 02:04:35'),
(755, 'user755', 'password755', 'User Seven Hundred Fifty-Five', 'user755@example.com', 'About User Seven Hundred Fifty-Five', 0, '2024-05-09 02:04:35'),
(756, 'user756', 'password756', 'User Seven Hundred Fifty-Six', 'user756@example.com', 'About User Seven Hundred Fifty-Six', 0, '2024-05-09 02:04:35'),
(757, 'user757', 'password757', 'User Seven Hundred Fifty-Seven', 'user757@example.com', 'About User Seven Hundred Fifty-Seven', 0, '2024-05-09 02:04:35'),
(758, 'user758', 'password758', 'User Seven Hundred Fifty-Eight', 'user758@example.com', 'About User Seven Hundred Fifty-Eight', 0, '2024-05-09 02:04:35'),
(759, 'user759', 'password759', 'User Seven Hundred Fifty-Nine', 'user759@example.com', 'About User Seven Hundred Fifty-Nine', 0, '2024-05-09 02:04:35'),
(760, 'user760', 'password760', 'User Seven Hundred Sixty', 'user760@example.com', 'About User Seven Hundred Sixty', 0, '2024-05-09 02:04:35'),
(761, 'user761', 'password761', 'User Seven Hundred Sixty-One', 'user761@example.com', 'About User Seven Hundred Sixty-One', 0, '2024-05-09 02:04:35'),
(762, 'user762', 'password762', 'User Seven Hundred Sixty-Two', 'user762@example.com', 'About User Seven Hundred Sixty-Two', 0, '2024-05-09 02:04:35'),
(763, 'user763', 'password763', 'User Seven Hundred Sixty-Three', 'user763@example.com', 'About User Seven Hundred Sixty-Three', 0, '2024-05-09 02:04:35'),
(764, 'user764', 'password764', 'User Seven Hundred Sixty-Four', 'user764@example.com', 'About User Seven Hundred Sixty-Four', 0, '2024-05-09 02:04:35'),
(765, 'user765', 'password765', 'User Seven Hundred Sixty-Five', 'user765@example.com', 'About User Seven Hundred Sixty-Five', 0, '2024-05-09 02:04:35'),
(766, 'user766', 'password766', 'User Seven Hundred Sixty-Six', 'user766@example.com', 'About User Seven Hundred Sixty-Six', 0, '2024-05-09 02:04:35'),
(767, 'user767', 'password767', 'User Seven Hundred Sixty-Seven', 'user767@example.com', 'About User Seven Hundred Sixty-Seven', 0, '2024-05-09 02:04:35'),
(768, 'user768', 'password768', 'User Seven Hundred Sixty-Eight', 'user768@example.com', 'About User Seven Hundred Sixty-Eight', 0, '2024-05-09 02:04:35'),
(769, 'user769', 'password769', 'User Seven Hundred Sixty-Nine', 'user769@example.com', 'About User Seven Hundred Sixty-Nine', 0, '2024-05-09 02:04:35'),
(770, 'user770', 'password770', 'User Seven Hundred Seventy', 'user770@example.com', 'About User Seven Hundred Seventy', 0, '2024-05-09 02:04:35'),
(771, 'user771', 'password771', 'User Seven Hundred Seventy-One', 'user771@example.com', 'About User Seven Hundred Seventy-One', 0, '2024-05-09 02:04:35'),
(772, 'user772', 'password772', 'User Seven Hundred Seventy-Two', 'user772@example.com', 'About User Seven Hundred Seventy-Two', 0, '2024-05-09 02:04:35'),
(773, 'user773', 'password773', 'User Seven Hundred Seventy-Three', 'user773@example.com', 'About User Seven Hundred Seventy-Three', 0, '2024-05-09 02:04:35'),
(774, 'user774', 'password774', 'User Seven Hundred Seventy-Four', 'user774@example.com', 'About User Seven Hundred Seventy-Four', 0, '2024-05-09 02:04:35'),
(775, 'user775', 'password775', 'User Seven Hundred Seventy-Five', 'user775@example.com', 'About User Seven Hundred Seventy-Five', 0, '2024-05-09 02:04:35'),
(776, 'user776', 'password776', 'User Seven Hundred Seventy-Six', 'user776@example.com', 'About User Seven Hundred Seventy-Six', 0, '2024-05-09 02:04:35'),
(777, 'user777', 'password777', 'User Seven Hundred Seventy-Seven', 'user777@example.com', 'About User Seven Hundred Seventy-Seven', 0, '2024-05-09 02:04:35'),
(778, 'user778', 'password778', 'User Seven Hundred Seventy-Eight', 'user778@example.com', 'About User Seven Hundred Seventy-Eight', 0, '2024-05-09 02:04:35'),
(779, 'user779', 'password779', 'User Seven Hundred Seventy-Nine', 'user779@example.com', 'About User Seven Hundred Seventy-Nine', 0, '2024-05-09 02:04:35'),
(780, 'user780', 'password780', 'User Seven Hundred Eighty', 'user780@example.com', 'About User Seven Hundred Eighty', 0, '2024-05-09 02:04:35'),
(781, 'user781', 'password781', 'User Seven Hundred Eighty-One', 'user781@example.com', 'About User Seven Hundred Eighty-One', 0, '2024-05-09 02:04:35'),
(782, 'user782', 'password782', 'User Seven Hundred Eighty-Two', 'user782@example.com', 'About User Seven Hundred Eighty-Two', 0, '2024-05-09 02:04:35'),
(783, 'user783', 'password783', 'User Seven Hundred Eighty-Three', 'user783@example.com', 'About User Seven Hundred Eighty-Three', 0, '2024-05-09 02:04:35'),
(784, 'user784', 'password784', 'User Seven Hundred Eighty-Four', 'user784@example.com', 'About User Seven Hundred Eighty-Four', 0, '2024-05-09 02:04:35'),
(785, 'user785', 'password785', 'User Seven Hundred Eighty-Five', 'user785@example.com', 'About User Seven Hundred Eighty-Five', 0, '2024-05-09 02:04:35'),
(786, 'user786', 'password786', 'User Seven Hundred Eighty-Six', 'user786@example.com', 'About User Seven Hundred Eighty-Six', 0, '2024-05-09 02:04:35'),
(787, 'user787', 'password787', 'User Seven Hundred Eighty-Seven', 'user787@example.com', 'About User Seven Hundred Eighty-Seven', 0, '2024-05-09 02:04:35'),
(788, 'user788', 'password788', 'User Seven Hundred Eighty-Eight', 'user788@example.com', 'About User Seven Hundred Eighty-Eight', 0, '2024-05-09 02:04:35'),
(789, 'user789', 'password789', 'User Seven Hundred Eighty-Nine', 'user789@example.com', 'About User Seven Hundred Eighty-Nine', 0, '2024-05-09 02:04:35'),
(790, 'user790', 'password790', 'User Seven Hundred Ninety', 'user790@example.com', 'About User Seven Hundred Ninety', 0, '2024-05-09 02:04:35'),
(791, 'user791', 'password791', 'User Seven Hundred Ninety-One', 'user791@example.com', 'About User Seven Hundred Ninety-One', 0, '2024-05-09 02:04:35'),
(792, 'user792', 'password792', 'User Seven Hundred Ninety-Two', 'user792@example.com', 'About User Seven Hundred Ninety-Two', 0, '2024-05-09 02:04:35'),
(793, 'user793', 'password793', 'User Seven Hundred Ninety-Three', 'user793@example.com', 'About User Seven Hundred Ninety-Three', 0, '2024-05-09 02:04:35'),
(794, 'user794', 'password794', 'User Seven Hundred Ninety-Four', 'user794@example.com', 'About User Seven Hundred Ninety-Four', 0, '2024-05-09 02:04:35'),
(795, 'user795', 'password795', 'User Seven Hundred Ninety-Five', 'user795@example.com', 'About User Seven Hundred Ninety-Five', 0, '2024-05-09 02:04:35'),
(796, 'user796', 'password796', 'User Seven Hundred Ninety-Six', 'user796@example.com', 'About User Seven Hundred Ninety-Six', 0, '2024-05-09 02:04:35'),
(797, 'user797', 'password797', 'User Seven Hundred Ninety-Seven', 'user797@example.com', 'About User Seven Hundred Ninety-Seven', 0, '2024-05-09 02:04:35'),
(798, 'user798', 'password798', 'User Seven Hundred Ninety-Eight', 'user798@example.com', 'About User Seven Hundred Ninety-Eight', 0, '2024-05-09 02:04:35'),
(799, 'user799', 'password799', 'User Seven Hundred Ninety-Nine', 'user799@example.com', 'About User Seven Hundred Ninety-Nine', 0, '2024-05-09 02:04:35'),
(800, 'user800', 'password800', 'User Eight Hundred', 'user800@example.com', 'About User Eight Hundred', 0, '2024-05-09 02:04:35'),
(801, 'user801', 'password801', 'User Eight Hundred One', 'user801@example.com', 'About User Eight Hundred One', 0, '2024-05-09 02:04:35'),
(802, 'user802', 'password802', 'User Eight Hundred Two', 'user802@example.com', 'About User Eight Hundred Two', 0, '2024-05-09 02:04:35'),
(803, 'user803', 'password803', 'User Eight Hundred Three', 'user803@example.com', 'About User Eight Hundred Three', 0, '2024-05-09 02:04:35'),
(804, 'user804', 'password804', 'User Eight Hundred Four', 'user804@example.com', 'About User Eight Hundred Four', 0, '2024-05-09 02:04:35'),
(805, 'user805', 'password805', 'User Eight Hundred Five', 'user805@example.com', 'About User Eight Hundred Five', 0, '2024-05-09 02:04:35'),
(806, 'user806', 'password806', 'User Eight Hundred Six', 'user806@example.com', 'About User Eight Hundred Six', 0, '2024-05-09 02:04:35'),
(807, 'user807', 'password807', 'User Eight Hundred Seven', 'user807@example.com', 'About User Eight Hundred Seven', 0, '2024-05-09 02:04:35'),
(808, 'user808', 'password808', 'User Eight Hundred Eight', 'user808@example.com', 'About User Eight Hundred Eight', 0, '2024-05-09 02:04:35'),
(809, 'user809', 'password809', 'User Eight Hundred Nine', 'user809@example.com', 'About User Eight Hundred Nine', 0, '2024-05-09 02:04:35'),
(810, 'user810', 'password810', 'User Eight Hundred Ten', 'user810@example.com', 'About User Eight Hundred Ten', 0, '2024-05-09 02:04:35'),
(811, 'user811', 'password811', 'User Eight Hundred Eleven', 'user811@example.com', 'About User Eight Hundred Eleven', 0, '2024-05-09 02:04:35'),
(812, 'user812', 'password812', 'User Eight Hundred Twelve', 'user812@example.com', 'About User Eight Hundred Twelve', 0, '2024-05-09 02:04:35'),
(813, 'user813', 'password813', 'User Eight Hundred Thirteen', 'user813@example.com', 'About User Eight Hundred Thirteen', 0, '2024-05-09 02:04:35'),
(814, 'user814', 'password814', 'User Eight Hundred Fourteen', 'user814@example.com', 'About User Eight Hundred Fourteen', 0, '2024-05-09 02:04:35'),
(815, 'user815', 'password815', 'User Eight Hundred Fifteen', 'user815@example.com', 'About User Eight Hundred Fifteen', 0, '2024-05-09 02:04:35'),
(816, 'user816', 'password816', 'User Eight Hundred Sixteen', 'user816@example.com', 'About User Eight Hundred Sixteen', 0, '2024-05-09 02:04:35'),
(817, 'user817', 'password817', 'User Eight Hundred Seventeen', 'user817@example.com', 'About User Eight Hundred Seventeen', 0, '2024-05-09 02:04:35'),
(818, 'user818', 'password818', 'User Eight Hundred Eighteen', 'user818@example.com', 'About User Eight Hundred Eighteen', 0, '2024-05-09 02:04:35'),
(819, 'user819', 'password819', 'User Eight Hundred Nineteen', 'user819@example.com', 'About User Eight Hundred Nineteen', 0, '2024-05-09 02:04:35'),
(820, 'user820', 'password820', 'User Eight Hundred Twenty', 'user820@example.com', 'About User Eight Hundred Twenty', 0, '2024-05-09 02:04:35'),
(821, 'user821', 'password821', 'User Eight Hundred Twenty-One', 'user821@example.com', 'About User Eight Hundred Twenty-One', 0, '2024-05-09 02:04:35'),
(822, 'user822', 'password822', 'User Eight Hundred Twenty-Two', 'user822@example.com', 'About User Eight Hundred Twenty-Two', 0, '2024-05-09 02:04:35'),
(823, 'user823', 'password823', 'User Eight Hundred Twenty-Three', 'user823@example.com', 'About User Eight Hundred Twenty-Three', 0, '2024-05-09 02:04:35'),
(824, 'user824', 'password824', 'User Eight Hundred Twenty-Four', 'user824@example.com', 'About User Eight Hundred Twenty-Four', 0, '2024-05-09 02:04:35'),
(825, 'user825', 'password825', 'User Eight Hundred Twenty-Five', 'user825@example.com', 'About User Eight Hundred Twenty-Five', 0, '2024-05-09 02:04:35'),
(826, 'user826', 'password826', 'User Eight Hundred Twenty-Six', 'user826@example.com', 'About User Eight Hundred Twenty-Six', 0, '2024-05-09 02:04:35'),
(827, 'user827', 'password827', 'User Eight Hundred Twenty-Seven', 'user827@example.com', 'About User Eight Hundred Twenty-Seven', 0, '2024-05-09 02:04:35'),
(828, 'user828', 'password828', 'User Eight Hundred Twenty-Eight', 'user828@example.com', 'About User Eight Hundred Twenty-Eight', 0, '2024-05-09 02:04:35'),
(829, 'user829', 'password829', 'User Eight Hundred Twenty-Nine', 'user829@example.com', 'About User Eight Hundred Twenty-Nine', 0, '2024-05-09 02:04:35'),
(830, 'user830', 'password830', 'User Eight Hundred Thirty', 'user830@example.com', 'About User Eight Hundred Thirty', 0, '2024-05-09 02:04:35'),
(831, 'user831', 'password831', 'User Eight Hundred Thirty-One', 'user831@example.com', 'About User Eight Hundred Thirty-One', 0, '2024-05-09 02:04:35'),
(832, 'user832', 'password832', 'User Eight Hundred Thirty-Two', 'user832@example.com', 'About User Eight Hundred Thirty-Two', 0, '2024-05-09 02:04:35'),
(833, 'user833', 'password833', 'User Eight Hundred Thirty-Three', 'user833@example.com', 'About User Eight Hundred Thirty-Three', 0, '2024-05-09 02:04:35'),
(834, 'user834', 'password834', 'User Eight Hundred Thirty-Four', 'user834@example.com', 'About User Eight Hundred Thirty-Four', 0, '2024-05-09 02:04:35'),
(835, 'user835', 'password835', 'User Eight Hundred Thirty-Five', 'user835@example.com', 'About User Eight Hundred Thirty-Five', 0, '2024-05-09 02:04:35'),
(836, 'user836', 'password836', 'User Eight Hundred Thirty-Six', 'user836@example.com', 'About User Eight Hundred Thirty-Six', 0, '2024-05-09 02:04:35'),
(837, 'user837', 'password837', 'User Eight Hundred Thirty-Seven', 'user837@example.com', 'About User Eight Hundred Thirty-Seven', 0, '2024-05-09 02:04:35'),
(838, 'user838', 'password838', 'User Eight Hundred Thirty-Eight', 'user838@example.com', 'About User Eight Hundred Thirty-Eight', 0, '2024-05-09 02:04:35'),
(839, 'user839', 'password839', 'User Eight Hundred Thirty-Nine', 'user839@example.com', 'About User Eight Hundred Thirty-Nine', 0, '2024-05-09 02:04:35'),
(840, 'user840', 'password840', 'User Eight Hundred Forty', 'user840@example.com', 'About User Eight Hundred Forty', 0, '2024-05-09 02:04:35'),
(841, 'user841', 'password841', 'User Eight Hundred Forty-One', 'user841@example.com', 'About User Eight Hundred Forty-One', 0, '2024-05-09 02:04:35'),
(842, 'user842', 'password842', 'User Eight Hundred Forty-Two', 'user842@example.com', 'About User Eight Hundred Forty-Two', 0, '2024-05-09 02:04:35'),
(843, 'user843', 'password843', 'User Eight Hundred Forty-Three', 'user843@example.com', 'About User Eight Hundred Forty-Three', 0, '2024-05-09 02:04:35'),
(844, 'user844', 'password844', 'User Eight Hundred Forty-Four', 'user844@example.com', 'About User Eight Hundred Forty-Four', 0, '2024-05-09 02:04:35'),
(845, 'user845', 'password845', 'User Eight Hundred Forty-Five', 'user845@example.com', 'About User Eight Hundred Forty-Five', 0, '2024-05-09 02:04:35'),
(846, 'user846', 'password846', 'User Eight Hundred Forty-Six', 'user846@example.com', 'About User Eight Hundred Forty-Six', 0, '2024-05-09 02:04:35'),
(847, 'user847', 'password847', 'User Eight Hundred Forty-Seven', 'user847@example.com', 'About User Eight Hundred Forty-Seven', 0, '2024-05-09 02:04:35'),
(848, 'user848', 'password848', 'User Eight Hundred Forty-Eight', 'user848@example.com', 'About User Eight Hundred Forty-Eight', 0, '2024-05-09 02:04:35'),
(849, 'user849', 'password849', 'User Eight Hundred Forty-Nine', 'user849@example.com', 'About User Eight Hundred Forty-Nine', 0, '2024-05-09 02:04:35'),
(850, 'user850', 'password850', 'User Eight Hundred Fifty', 'user850@example.com', 'About User Eight Hundred Fifty', 0, '2024-05-09 02:04:35'),
(851, 'user851', 'password851', 'User Eight Hundred Fifty-One', 'user851@example.com', 'About User Eight Hundred Fifty-One', 0, '2024-05-09 02:04:35'),
(852, 'user852', 'password852', 'User Eight Hundred Fifty-Two', 'user852@example.com', 'About User Eight Hundred Fifty-Two', 0, '2024-05-09 02:04:35'),
(853, 'user853', 'password853', 'User Eight Hundred Fifty-Three', 'user853@example.com', 'About User Eight Hundred Fifty-Three', 0, '2024-05-09 02:04:35'),
(854, 'user854', 'password854', 'User Eight Hundred Fifty-Four', 'user854@example.com', 'About User Eight Hundred Fifty-Four', 0, '2024-05-09 02:04:35'),
(855, 'user855', 'password855', 'User Eight Hundred Fifty-Five', 'user855@example.com', 'About User Eight Hundred Fifty-Five', 0, '2024-05-09 02:04:35'),
(856, 'user856', 'password856', 'User Eight Hundred Fifty-Six', 'user856@example.com', 'About User Eight Hundred Fifty-Six', 0, '2024-05-09 02:04:35'),
(857, 'user857', 'password857', 'User Eight Hundred Fifty-Seven', 'user857@example.com', 'About User Eight Hundred Fifty-Seven', 0, '2024-05-09 02:04:35'),
(858, 'user858', 'password858', 'User Eight Hundred Fifty-Eight', 'user858@example.com', 'About User Eight Hundred Fifty-Eight', 0, '2024-05-09 02:04:35'),
(859, 'user859', 'password859', 'User Eight Hundred Fifty-Nine', 'user859@example.com', 'About User Eight Hundred Fifty-Nine', 0, '2024-05-09 02:04:35'),
(860, 'user860', 'password860', 'User Eight Hundred Sixty', 'user860@example.com', 'About User Eight Hundred Sixty', 0, '2024-05-09 02:04:35'),
(861, 'user861', 'password861', 'User Eight Hundred Sixty-One', 'user861@example.com', 'About User Eight Hundred Sixty-One', 0, '2024-05-09 02:04:35'),
(862, 'user862', 'password862', 'User Eight Hundred Sixty-Two', 'user862@example.com', 'About User Eight Hundred Sixty-Two', 0, '2024-05-09 02:04:35'),
(863, 'user863', 'password863', 'User Eight Hundred Sixty-Three', 'user863@example.com', 'About User Eight Hundred Sixty-Three', 0, '2024-05-09 02:04:35'),
(864, 'user864', 'password864', 'User Eight Hundred Sixty-Four', 'user864@example.com', 'About User Eight Hundred Sixty-Four', 0, '2024-05-09 02:04:35'),
(865, 'user865', 'password865', 'User Eight Hundred Sixty-Five', 'user865@example.com', 'About User Eight Hundred Sixty-Five', 0, '2024-05-09 02:04:35'),
(866, 'user866', 'password866', 'User Eight Hundred Sixty-Six', 'user866@example.com', 'About User Eight Hundred Sixty-Six', 0, '2024-05-09 02:04:35'),
(867, 'user867', 'password867', 'User Eight Hundred Sixty-Seven', 'user867@example.com', 'About User Eight Hundred Sixty-Seven', 0, '2024-05-09 02:04:35'),
(868, 'user868', 'password868', 'User Eight Hundred Sixty-Eight', 'user868@example.com', 'About User Eight Hundred Sixty-Eight', 0, '2024-05-09 02:04:35'),
(869, 'user869', 'password869', 'User Eight Hundred Sixty-Nine', 'user869@example.com', 'About User Eight Hundred Sixty-Nine', 0, '2024-05-09 02:04:35'),
(870, 'user870', 'password870', 'User Eight Hundred Seventy', 'user870@example.com', 'About User Eight Hundred Seventy', 0, '2024-05-09 02:04:35'),
(871, 'user871', 'password871', 'User Eight Hundred Seventy-One', 'user871@example.com', 'About User Eight Hundred Seventy-One', 0, '2024-05-09 02:04:35'),
(872, 'user872', 'password872', 'User Eight Hundred Seventy-Two', 'user872@example.com', 'About User Eight Hundred Seventy-Two', 0, '2024-05-09 02:04:35'),
(873, 'user873', 'password873', 'User Eight Hundred Seventy-Three', 'user873@example.com', 'About User Eight Hundred Seventy-Three', 0, '2024-05-09 02:04:35'),
(874, 'user874', 'password874', 'User Eight Hundred Seventy-Four', 'user874@example.com', 'About User Eight Hundred Seventy-Four', 0, '2024-05-09 02:04:35'),
(875, 'user875', 'password875', 'User Eight Hundred Seventy-Five', 'user875@example.com', 'About User Eight Hundred Seventy-Five', 0, '2024-05-09 02:04:35'),
(876, 'user876', 'password876', 'User Eight Hundred Seventy-Six', 'user876@example.com', 'About User Eight Hundred Seventy-Six', 0, '2024-05-09 02:04:35'),
(877, 'user877', 'password877', 'User Eight Hundred Seventy-Seven', 'user877@example.com', 'About User Eight Hundred Seventy-Seven', 0, '2024-05-09 02:04:35'),
(878, 'user878', 'password878', 'User Eight Hundred Seventy-Eight', 'user878@example.com', 'About User Eight Hundred Seventy-Eight', 0, '2024-05-09 02:04:35'),
(879, 'user879', 'password879', 'User Eight Hundred Seventy-Nine', 'user879@example.com', 'About User Eight Hundred Seventy-Nine', 0, '2024-05-09 02:04:35'),
(880, 'user880', 'password880', 'User Eight Hundred Eighty', 'user880@example.com', 'About User Eight Hundred Eighty', 0, '2024-05-09 02:04:35'),
(881, 'user881', 'password881', 'User Eight Hundred Eighty-One', 'user881@example.com', 'About User Eight Hundred Eighty-One', 0, '2024-05-09 02:04:35'),
(882, 'user882', 'password882', 'User Eight Hundred Eighty-Two', 'user882@example.com', 'About User Eight Hundred Eighty-Two', 0, '2024-05-09 02:04:35'),
(883, 'user883', 'password883', 'User Eight Hundred Eighty-Three', 'user883@example.com', 'About User Eight Hundred Eighty-Three', 0, '2024-05-09 02:04:35'),
(884, 'user884', 'password884', 'User Eight Hundred Eighty-Four', 'user884@example.com', 'About User Eight Hundred Eighty-Four', 0, '2024-05-09 02:04:35'),
(885, 'user885', 'password885', 'User Eight Hundred Eighty-Five', 'user885@example.com', 'About User Eight Hundred Eighty-Five', 0, '2024-05-09 02:04:35'),
(886, 'user886', 'password886', 'User Eight Hundred Eighty-Six', 'user886@example.com', 'About User Eight Hundred Eighty-Six', 0, '2024-05-09 02:04:35'),
(887, 'user887', 'password887', 'User Eight Hundred Eighty-Seven', 'user887@example.com', 'About User Eight Hundred Eighty-Seven', 0, '2024-05-09 02:04:35'),
(888, 'user888', 'password888', 'User Eight Hundred Eighty-Eight', 'user888@example.com', 'About User Eight Hundred Eighty-Eight', 0, '2024-05-09 02:04:35'),
(889, 'user889', 'password889', 'User Eight Hundred Eighty-Nine', 'user889@example.com', 'About User Eight Hundred Eighty-Nine', 0, '2024-05-09 02:04:35'),
(890, 'user890', 'password890', 'User Eight Hundred Ninety', 'user890@example.com', 'About User Eight Hundred Ninety', 0, '2024-05-09 02:04:35'),
(891, 'user891', 'password891', 'User Eight Hundred Ninety-One', 'user891@example.com', 'About User Eight Hundred Ninety-One', 0, '2024-05-09 02:04:35'),
(892, 'user892', 'password892', 'User Eight Hundred Ninety-Two', 'user892@example.com', 'About User Eight Hundred Ninety-Two', 0, '2024-05-09 02:04:35'),
(893, 'user893', 'password893', 'User Eight Hundred Ninety-Three', 'user893@example.com', 'About User Eight Hundred Ninety-Three', 0, '2024-05-09 02:04:35'),
(894, 'user894', 'password894', 'User Eight Hundred Ninety-Four', 'user894@example.com', 'About User Eight Hundred Ninety-Four', 0, '2024-05-09 02:04:35'),
(895, 'user895', 'password895', 'User Eight Hundred Ninety-Five', 'user895@example.com', 'About User Eight Hundred Ninety-Five', 0, '2024-05-09 02:04:35'),
(896, 'user896', 'password896', 'User Eight Hundred Ninety-Six', 'user896@example.com', 'About User Eight Hundred Ninety-Six', 0, '2024-05-09 02:04:35'),
(897, 'user897', 'password897', 'User Eight Hundred Ninety-Seven', 'user897@example.com', 'About User Eight Hundred Ninety-Seven', 0, '2024-05-09 02:04:35'),
(898, 'user898', 'password898', 'User Eight Hundred Ninety-Eight', 'user898@example.com', 'About User Eight Hundred Ninety-Eight', 0, '2024-05-09 02:04:35'),
(899, 'user899', 'password899', 'User Eight Hundred Ninety-Nine', 'user899@example.com', 'About User Eight Hundred Ninety-Nine', 0, '2024-05-09 02:04:35'),
(900, 'user900', 'password900', 'User Nine Hundred', 'user900@example.com', 'About User Nine Hundred', 0, '2024-05-09 02:04:35'),
(901, 'user901', 'password901', 'User Nine Hundred One', 'user901@example.com', 'About User Nine Hundred One', 0, '2024-05-09 02:04:35'),
(902, 'user902', 'password902', 'User Nine Hundred Two', 'user902@example.com', 'About User Nine Hundred Two', 0, '2024-05-09 02:04:35'),
(903, 'user903', 'password903', 'User Nine Hundred Three', 'user903@example.com', 'About User Nine Hundred Three', 0, '2024-05-09 02:04:35'),
(904, 'user904', 'password904', 'User Nine Hundred Four', 'user904@example.com', 'About User Nine Hundred Four', 0, '2024-05-09 02:04:35'),
(905, 'user905', 'password905', 'User Nine Hundred Five', 'user905@example.com', 'About User Nine Hundred Five', 0, '2024-05-09 02:04:35'),
(906, 'user906', 'password906', 'User Nine Hundred Six', 'user906@example.com', 'About User Nine Hundred Six', 0, '2024-05-09 02:04:35'),
(907, 'user907', 'password907', 'User Nine Hundred Seven', 'user907@example.com', 'About User Nine Hundred Seven', 0, '2024-05-09 02:04:35'),
(908, 'user908', 'password908', 'User Nine Hundred Eight', 'user908@example.com', 'About User Nine Hundred Eight', 0, '2024-05-09 02:04:35'),
(909, 'user909', 'password909', 'User Nine Hundred Nine', 'user909@example.com', 'About User Nine Hundred Nine', 0, '2024-05-09 02:04:35'),
(910, 'user910', 'password910', 'User Nine Hundred Ten', 'user910@example.com', 'About User Nine Hundred Ten', 0, '2024-05-09 02:04:35'),
(911, 'user911', 'password911', 'User Nine Hundred Eleven', 'user911@example.com', 'About User Nine Hundred Eleven', 0, '2024-05-09 02:04:35'),
(912, 'user912', 'password912', 'User Nine Hundred Twelve', 'user912@example.com', 'About User Nine Hundred Twelve', 0, '2024-05-09 02:04:35'),
(913, 'user913', 'password913', 'User Nine Hundred Thirteen', 'user913@example.com', 'About User Nine Hundred Thirteen', 0, '2024-05-09 02:04:35'),
(914, 'user914', 'password914', 'User Nine Hundred Fourteen', 'user914@example.com', 'About User Nine Hundred Fourteen', 0, '2024-05-09 02:04:35'),
(915, 'user915', 'password915', 'User Nine Hundred Fifteen', 'user915@example.com', 'About User Nine Hundred Fifteen', 0, '2024-05-09 02:04:35'),
(916, 'user916', 'password916', 'User Nine Hundred Sixteen', 'user916@example.com', 'About User Nine Hundred Sixteen', 0, '2024-05-09 02:04:35'),
(917, 'user917', 'password917', 'User Nine Hundred Seventeen', 'user917@example.com', 'About User Nine Hundred Seventeen', 0, '2024-05-09 02:04:35'),
(918, 'user918', 'password918', 'User Nine Hundred Eighteen', 'user918@example.com', 'About User Nine Hundred Eighteen', 0, '2024-05-09 02:04:35'),
(919, 'user919', 'password919', 'User Nine Hundred Nineteen', 'user919@example.com', 'About User Nine Hundred Nineteen', 0, '2024-05-09 02:04:35'),
(920, 'user920', 'password920', 'User Nine Hundred Twenty', 'user920@example.com', 'About User Nine Hundred Twenty', 0, '2024-05-09 02:04:35'),
(921, 'user921', 'password921', 'User Nine Hundred Twenty-One', 'user921@example.com', 'About User Nine Hundred Twenty-One', 0, '2024-05-09 02:04:35'),
(922, 'user922', 'password922', 'User Nine Hundred Twenty-Two', 'user922@example.com', 'About User Nine Hundred Twenty-Two', 0, '2024-05-09 02:04:35'),
(923, 'user923', 'password923', 'User Nine Hundred Twenty-Three', 'user923@example.com', 'About User Nine Hundred Twenty-Three', 0, '2024-05-09 02:04:35'),
(924, 'user924', 'password924', 'User Nine Hundred Twenty-Four', 'user924@example.com', 'About User Nine Hundred Twenty-Four', 0, '2024-05-09 02:04:35'),
(925, 'user925', 'password925', 'User Nine Hundred Twenty-Five', 'user925@example.com', 'About User Nine Hundred Twenty-Five', 0, '2024-05-09 02:04:35'),
(926, 'user926', 'password926', 'User Nine Hundred Twenty-Six', 'user926@example.com', 'About User Nine Hundred Twenty-Six', 0, '2024-05-09 02:04:35'),
(927, 'user927', 'password927', 'User Nine Hundred Twenty-Seven', 'user927@example.com', 'About User Nine Hundred Twenty-Seven', 0, '2024-05-09 02:04:35'),
(928, 'user928', 'password928', 'User Nine Hundred Twenty-Eight', 'user928@example.com', 'About User Nine Hundred Twenty-Eight', 0, '2024-05-09 02:04:35'),
(929, 'user929', 'password929', 'User Nine Hundred Twenty-Nine', 'user929@example.com', 'About User Nine Hundred Twenty-Nine', 0, '2024-05-09 02:04:35'),
(930, 'user930', 'password930', 'User Nine Hundred Thirty', 'user930@example.com', 'About User Nine Hundred Thirty', 0, '2024-05-09 02:04:35'),
(931, 'user931', 'password931', 'User Nine Hundred Thirty-One', 'user931@example.com', 'About User Nine Hundred Thirty-One', 0, '2024-05-09 02:04:35'),
(932, 'user932', 'password932', 'User Nine Hundred Thirty-Two', 'user932@example.com', 'About User Nine Hundred Thirty-Two', 0, '2024-05-09 02:04:35'),
(933, 'user933', 'password933', 'User Nine Hundred Thirty-Three', 'user933@example.com', 'About User Nine Hundred Thirty-Three', 0, '2024-05-09 02:04:35'),
(934, 'user934', 'password934', 'User Nine Hundred Thirty-Four', 'user934@example.com', 'About User Nine Hundred Thirty-Four', 0, '2024-05-09 02:04:35'),
(935, 'user935', 'password935', 'User Nine Hundred Thirty-Five', 'user935@example.com', 'About User Nine Hundred Thirty-Five', 0, '2024-05-09 02:04:35'),
(936, 'user936', 'password936', 'User Nine Hundred Thirty-Six', 'user936@example.com', 'About User Nine Hundred Thirty-Six', 0, '2024-05-09 02:04:35'),
(937, 'user937', 'password937', 'User Nine Hundred Thirty-Seven', 'user937@example.com', 'About User Nine Hundred Thirty-Seven', 0, '2024-05-09 02:04:35'),
(938, 'user938', 'password938', 'User Nine Hundred Thirty-Eight', 'user938@example.com', 'About User Nine Hundred Thirty-Eight', 0, '2024-05-09 02:04:35'),
(939, 'user939', 'password939', 'User Nine Hundred Thirty-Nine', 'user939@example.com', 'About User Nine Hundred Thirty-Nine', 0, '2024-05-09 02:04:35'),
(940, 'user940', 'password940', 'User Nine Hundred Forty', 'user940@example.com', 'About User Nine Hundred Forty', 0, '2024-05-09 02:04:35'),
(941, 'user941', 'password941', 'User Nine Hundred Forty-One', 'user941@example.com', 'About User Nine Hundred Forty-One', 0, '2024-05-09 02:04:35'),
(942, 'user942', 'password942', 'User Nine Hundred Forty-Two', 'user942@example.com', 'About User Nine Hundred Forty-Two', 0, '2024-05-09 02:04:35'),
(943, 'user943', 'password943', 'User Nine Hundred Forty-Three', 'user943@example.com', 'About User Nine Hundred Forty-Three', 0, '2024-05-09 02:04:35'),
(944, 'user944', 'password944', 'User Nine Hundred Forty-Four', 'user944@example.com', 'About User Nine Hundred Forty-Four', 0, '2024-05-09 02:04:35'),
(945, 'user945', 'password945', 'User Nine Hundred Forty-Five', 'user945@example.com', 'About User Nine Hundred Forty-Five', 0, '2024-05-09 02:04:35'),
(946, 'user946', 'password946', 'User Nine Hundred Forty-Six', 'user946@example.com', 'About User Nine Hundred Forty-Six', 0, '2024-05-09 02:04:35'),
(947, 'user947', 'password947', 'User Nine Hundred Forty-Seven', 'user947@example.com', 'About User Nine Hundred Forty-Seven', 0, '2024-05-09 02:04:35'),
(948, 'user948', 'password948', 'User Nine Hundred Forty-Eight', 'user948@example.com', 'About User Nine Hundred Forty-Eight', 0, '2024-05-09 02:04:35'),
(949, 'user949', 'password949', 'User Nine Hundred Forty-Nine', 'user949@example.com', 'About User Nine Hundred Forty-Nine', 0, '2024-05-09 02:04:35'),
(950, 'user950', 'password950', 'User Nine Hundred Fifty', 'user950@example.com', 'About User Nine Hundred Fifty', 0, '2024-05-09 02:04:35'),
(951, 'user951', 'password951', 'User Nine Hundred Fifty-One', 'user951@example.com', 'About User Nine Hundred Fifty-One', 0, '2024-05-09 02:04:35'),
(952, 'user952', 'password952', 'User Nine Hundred Fifty-Two', 'user952@example.com', 'About User Nine Hundred Fifty-Two', 0, '2024-05-09 02:04:35'),
(953, 'user953', 'password953', 'User Nine Hundred Fifty-Three', 'user953@example.com', 'About User Nine Hundred Fifty-Three', 0, '2024-05-09 02:04:35'),
(954, 'user954', 'password954', 'User Nine Hundred Fifty-Four', 'user954@example.com', 'About User Nine Hundred Fifty-Four', 0, '2024-05-09 02:04:35'),
(955, 'user955', 'password955', 'User Nine Hundred Fifty-Five', 'user955@example.com', 'About User Nine Hundred Fifty-Five', 0, '2024-05-09 02:04:35'),
(956, 'user956', 'password956', 'User Nine Hundred Fifty-Six', 'user956@example.com', 'About User Nine Hundred Fifty-Six', 0, '2024-05-09 02:04:35'),
(957, 'user957', 'password957', 'User Nine Hundred Fifty-Seven', 'user957@example.com', 'About User Nine Hundred Fifty-Seven', 0, '2024-05-09 02:04:35'),
(958, 'user958', 'password958', 'User Nine Hundred Fifty-Eight', 'user958@example.com', 'About User Nine Hundred Fifty-Eight', 0, '2024-05-09 02:04:35'),
(959, 'user959', 'password959', 'User Nine Hundred Fifty-Nine', 'user959@example.com', 'About User Nine Hundred Fifty-Nine', 0, '2024-05-09 02:04:35'),
(960, 'user960', 'password960', 'User Nine Hundred Sixty', 'user960@example.com', 'About User Nine Hundred Sixty', 0, '2024-05-09 02:04:35'),
(961, 'user961', 'password961', 'User Nine Hundred Sixty-One', 'user961@example.com', 'About User Nine Hundred Sixty-One', 0, '2024-05-09 02:04:35'),
(962, 'user962', 'password962', 'User Nine Hundred Sixty-Two', 'user962@example.com', 'About User Nine Hundred Sixty-Two', 0, '2024-05-09 02:04:35'),
(963, 'user963', 'password963', 'User Nine Hundred Sixty-Three', 'user963@example.com', 'About User Nine Hundred Sixty-Three', 0, '2024-05-09 02:04:35'),
(964, 'user964', 'password964', 'User Nine Hundred Sixty-Four', 'user964@example.com', 'About User Nine Hundred Sixty-Four', 0, '2024-05-09 02:04:35'),
(965, 'user965', 'password965', 'User Nine Hundred Sixty-Five', 'user965@example.com', 'About User Nine Hundred Sixty-Five', 0, '2024-05-09 02:04:35'),
(966, 'user966', 'password966', 'User Nine Hundred Sixty-Six', 'user966@example.com', 'About User Nine Hundred Sixty-Six', 0, '2024-05-09 02:04:35'),
(967, 'user967', 'password967', 'User Nine Hundred Sixty-Seven', 'user967@example.com', 'About User Nine Hundred Sixty-Seven', 0, '2024-05-09 02:04:35'),
(968, 'user968', 'password968', 'User Nine Hundred Sixty-Eight', 'user968@example.com', 'About User Nine Hundred Sixty-Eight', 0, '2024-05-09 02:04:35'),
(969, 'user969', 'password969', 'User Nine Hundred Sixty-Nine', 'user969@example.com', 'About User Nine Hundred Sixty-Nine', 0, '2024-05-09 02:04:35'),
(970, 'user970', 'password970', 'User Nine Hundred Seventy', 'user970@example.com', 'About User Nine Hundred Seventy', 0, '2024-05-09 02:04:35'),
(971, 'user971', 'password971', 'User Nine Hundred Seventy-One', 'user971@example.com', 'About User Nine Hundred Seventy-One', 0, '2024-05-09 02:04:35'),
(972, 'user972', 'password972', 'User Nine Hundred Seventy-Two', 'user972@example.com', 'About User Nine Hundred Seventy-Two', 0, '2024-05-09 02:04:35'),
(973, 'user973', 'password973', 'User Nine Hundred Seventy-Three', 'user973@example.com', 'About User Nine Hundred Seventy-Three', 0, '2024-05-09 02:04:35'),
(974, 'user974', 'password974', 'User Nine Hundred Seventy-Four', 'user974@example.com', 'About User Nine Hundred Seventy-Four', 0, '2024-05-09 02:04:35'),
(975, 'user975', 'password975', 'User Nine Hundred Seventy-Five', 'user975@example.com', 'About User Nine Hundred Seventy-Five', 0, '2024-05-09 02:04:35'),
(976, 'user976', 'password976', 'User Nine Hundred Seventy-Six', 'user976@example.com', 'About User Nine Hundred Seventy-Six', 0, '2024-05-09 02:04:35'),
(977, 'user977', 'password977', 'User Nine Hundred Seventy-Seven', 'user977@example.com', 'About User Nine Hundred Seventy-Seven', 0, '2024-05-09 02:04:35'),
(978, 'user978', 'password978', 'User Nine Hundred Seventy-Eight', 'user978@example.com', 'About User Nine Hundred Seventy-Eight', 0, '2024-05-09 02:04:35'),
(979, 'user979', 'password979', 'User Nine Hundred Seventy-Nine', 'user979@example.com', 'About User Nine Hundred Seventy-Nine', 0, '2024-05-09 02:04:35'),
(980, 'user980', 'password980', 'User Nine Hundred Eighty', 'user980@example.com', 'About User Nine Hundred Eighty', 0, '2024-05-09 02:04:35'),
(981, 'user981', 'password981', 'User Nine Hundred Eighty-One', 'user981@example.com', 'About User Nine Hundred Eighty-One', 0, '2024-05-09 02:04:35'),
(982, 'user982', 'password982', 'User Nine Hundred Eighty-Two', 'user982@example.com', 'About User Nine Hundred Eighty-Two', 0, '2024-05-09 02:04:35'),
(983, 'user983', 'password983', 'User Nine Hundred Eighty-Three', 'user983@example.com', 'About User Nine Hundred Eighty-Three', 0, '2024-05-09 02:04:35'),
(984, 'user984', 'password984', 'User Nine Hundred Eighty-Four', 'user984@example.com', 'About User Nine Hundred Eighty-Four', 0, '2024-05-09 02:04:35'),
(985, 'user985', 'password985', 'User Nine Hundred Eighty-Five', 'user985@example.com', 'About User Nine Hundred Eighty-Five', 0, '2024-05-09 02:04:35'),
(986, 'user986', 'password986', 'User Nine Hundred Eighty-Six', 'user986@example.com', 'About User Nine Hundred Eighty-Six', 0, '2024-05-09 02:04:35'),
(987, 'user987', 'password987', 'User Nine Hundred Eighty-Seven', 'user987@example.com', 'About User Nine Hundred Eighty-Seven', 0, '2024-05-09 02:04:35'),
(988, 'user988', 'password988', 'User Nine Hundred Eighty-Eight', 'user988@example.com', 'About User Nine Hundred Eighty-Eight', 0, '2024-05-09 02:04:35'),
(989, 'user989', 'password989', 'User Nine Hundred Eighty-Nine', 'user989@example.com', 'About User Nine Hundred Eighty-Nine', 0, '2024-05-09 02:04:35'),
(990, 'user990', 'password990', 'User Nine Hundred Ninety', 'user990@example.com', 'About User Nine Hundred Ninety', 0, '2024-05-09 02:04:35'),
(991, 'user991', 'password991', 'User Nine Hundred Ninety-One', 'user991@example.com', 'About User Nine Hundred Ninety-One', 0, '2024-05-09 02:04:35'),
(992, 'user992', 'password992', 'User Nine Hundred Ninety-Two', 'user992@example.com', 'About User Nine Hundred Ninety-Two', 0, '2024-05-09 02:04:35'),
(993, 'user993', 'password993', 'User Nine Hundred Ninety-Three', 'user993@example.com', 'About User Nine Hundred Ninety-Three', 0, '2024-05-09 02:04:35'),
(994, 'user994', 'password994', 'User Nine Hundred Ninety-Four', 'user994@example.com', 'About User Nine Hundred Ninety-Four', 0, '2024-05-09 02:04:35'),
(995, 'user995', 'password995', 'User Nine Hundred Ninety-Five', 'user995@example.com', 'About User Nine Hundred Ninety-Five', 0, '2024-05-09 02:04:35'),
(996, 'user996', 'password996', 'User Nine Hundred Ninety-Six', 'user996@example.com', 'About User Nine Hundred Ninety-Six', 0, '2024-05-09 02:04:35'),
(997, 'user997', 'password997', 'User Nine Hundred Ninety-Seven', 'user997@example.com', 'About User Nine Hundred Ninety-Seven', 0, '2024-05-09 02:04:35'),
(998, 'user998', 'password998', 'User Nine Hundred Ninety-Eight', 'user998@example.com', 'About User Nine Hundred Ninety-Eight', 0, '2024-05-09 02:04:35'),
(999, 'user999', 'password999', 'User Nine Hundred Ninety-Nine', 'user999@example.com', 'About User Nine Hundred Ninety-Nine', 0, '2024-05-09 02:04:35'),
(1000, 'user1000', 'password1000', 'User One Thousand', 'user1000@example.com', 'About User One Thousand', 0, '2024-05-09 02:04:35');

-- --------------------------------------------------------

--
-- Table structure for table `activities`
--

CREATE TABLE `activities` (
  `activityid` int(11) NOT NULL,
  `description` tinytext NOT NULL,
  `created_at` datetime NOT NULL DEFAULT current_timestamp(),
  `userid` int(11) NOT NULL,
  `pageid` int(11) DEFAULT NULL,
  `forumid` int(11) DEFAULT NULL,
  `wallid` int(11) DEFAULT NULL,
  `replyid` int(11) DEFAULT NULL,
  `likeid` int(11) DEFAULT NULL,
  `dislikeid` int(11) DEFAULT NULL,
  `starid` int(11) DEFAULT NULL,
  `badgeid` int(11) DEFAULT NULL
) ENGINE=InnoDB DEFAULT CHARSET=utf8mb4 COLLATE=utf8mb4_general_ci;

--
-- Dumping data for table `activities`
--

INSERT INTO `activities` (`activityid`, `description`, `created_at`, `userid`, `pageid`, `forumid`, `wallid`, `replyid`, `likeid`, `dislikeid`, `starid`, `badgeid`) VALUES
(1, 'Created a Forum Discussion Post', '2024-05-09 22:36:13', 1, NULL, 1, NULL, NULL, NULL, NULL, NULL, NULL),
(2, 'Created a Forum Discussion Post', '2024-05-09 22:36:13', 2, NULL, 2, NULL, NULL, NULL, NULL, NULL, NULL),
(3, 'Created a Forum Discussion Post', '2024-05-09 22:36:13', 3, NULL, 3, NULL, NULL, NULL, NULL, NULL, NULL),
(4, 'Created a Forum Discussion Post', '2024-05-09 22:36:13', 4, NULL, 4, NULL, NULL, NULL, NULL, NULL, NULL),
(5, 'Created a Forum Discussion Post', '2024-05-09 22:36:13', 5, NULL, 5, NULL, NULL, NULL, NULL, NULL, NULL),
(6, 'Created a Forum Discussion Post', '2024-05-09 22:36:13', 6, NULL, 6, NULL, NULL, NULL, NULL, NULL, NULL),
(7, 'Created a Forum Discussion Post', '2024-05-09 22:36:13', 7, NULL, 7, NULL, NULL, NULL, NULL, NULL, NULL),
(8, 'Created a Forum Discussion Post', '2024-05-09 22:36:13', 8, NULL, 8, NULL, NULL, NULL, NULL, NULL, NULL),
(9, 'Created a Forum Discussion Post', '2024-05-09 22:36:13', 9, NULL, 9, NULL, NULL, NULL, NULL, NULL, NULL),
(10, 'Created a Forum Discussion Post', '2024-05-09 22:36:13', 10, NULL, 10, NULL, NULL, NULL, NULL, NULL, NULL),
(11, 'Created a Forum Discussion Post', '2024-05-09 22:36:13', 11, NULL, 11, NULL, NULL, NULL, NULL, NULL, NULL),
(12, 'Created a Forum Discussion Post', '2024-05-09 22:36:13', 12, NULL, 12, NULL, NULL, NULL, NULL, NULL, NULL),
(13, 'Created a Forum Discussion Post', '2024-05-09 22:36:13', 13, NULL, 13, NULL, NULL, NULL, NULL, NULL, NULL),
(14, 'Created a Forum Discussion Post', '2024-05-09 22:36:13', 14, NULL, 14, NULL, NULL, NULL, NULL, NULL, NULL),
(15, 'Created a Forum Discussion Post', '2024-05-09 22:36:13', 15, NULL, 15, NULL, NULL, NULL, NULL, NULL, NULL),
(16, 'Created a Forum Discussion Post', '2024-05-09 22:36:13', 16, NULL, 16, NULL, NULL, NULL, NULL, NULL, NULL),
(17, 'Created a Forum Discussion Post', '2024-05-09 22:36:13', 17, NULL, 17, NULL, NULL, NULL, NULL, NULL, NULL),
(18, 'Created a Forum Discussion Post', '2024-05-09 22:36:13', 18, NULL, 18, NULL, NULL, NULL, NULL, NULL, NULL),
(19, 'Created a Forum Discussion Post', '2024-05-09 22:36:13', 19, NULL, 19, NULL, NULL, NULL, NULL, NULL, NULL),
(20, 'Created a Forum Discussion Post', '2024-05-09 22:36:13', 20, NULL, 20, NULL, NULL, NULL, NULL, NULL, NULL),
(21, 'Created a Forum Discussion Post', '2024-05-09 22:36:13', 21, NULL, 21, NULL, NULL, NULL, NULL, NULL, NULL),
(22, 'Created a Forum Discussion Post', '2024-05-09 22:36:13', 22, NULL, 22, NULL, NULL, NULL, NULL, NULL, NULL),
(23, 'Created a Forum Discussion Post', '2024-05-09 22:36:13', 23, NULL, 23, NULL, NULL, NULL, NULL, NULL, NULL),
(24, 'Created a Forum Discussion Post', '2024-05-09 22:36:13', 24, NULL, 24, NULL, NULL, NULL, NULL, NULL, NULL),
(25, 'Created a Forum Discussion Post', '2024-05-09 22:36:13', 25, NULL, 25, NULL, NULL, NULL, NULL, NULL, NULL),
(26, 'Created a Forum Discussion Post', '2024-05-09 22:36:13', 26, NULL, 26, NULL, NULL, NULL, NULL, NULL, NULL),
(27, 'Created a Forum Discussion Post', '2024-05-09 22:36:13', 27, NULL, 27, NULL, NULL, NULL, NULL, NULL, NULL),
(28, 'Created a Forum Discussion Post', '2024-05-09 22:36:13', 28, NULL, 28, NULL, NULL, NULL, NULL, NULL, NULL),
(29, 'Created a Forum Discussion Post', '2024-05-09 22:36:13', 29, NULL, 29, NULL, NULL, NULL, NULL, NULL, NULL),
(30, 'Created a Forum Discussion Post', '2024-05-09 22:36:13', 30, NULL, 30, NULL, NULL, NULL, NULL, NULL, NULL),
(31, 'Created a Forum Discussion Post', '2024-05-09 22:36:13', 31, NULL, 31, NULL, NULL, NULL, NULL, NULL, NULL),
(32, 'Created a Forum Discussion Post', '2024-05-09 22:36:13', 32, NULL, 32, NULL, NULL, NULL, NULL, NULL, NULL),
(33, 'Created a Forum Discussion Post', '2024-05-09 22:36:13', 33, NULL, 33, NULL, NULL, NULL, NULL, NULL, NULL),
(34, 'Created a Forum Discussion Post', '2024-05-09 22:36:13', 34, NULL, 34, NULL, NULL, NULL, NULL, NULL, NULL),
(35, 'Created a Forum Discussion Post', '2024-05-09 22:36:13', 35, NULL, 35, NULL, NULL, NULL, NULL, NULL, NULL),
(36, 'Created a Forum Discussion Post', '2024-05-09 22:36:13', 36, NULL, 36, NULL, NULL, NULL, NULL, NULL, NULL),
(37, 'Created a Forum Discussion Post', '2024-05-09 22:36:13', 37, NULL, 37, NULL, NULL, NULL, NULL, NULL, NULL),
(38, 'Created a Forum Discussion Post', '2024-05-09 22:36:13', 38, NULL, 38, NULL, NULL, NULL, NULL, NULL, NULL),
(39, 'Created a Forum Discussion Post', '2024-05-09 22:36:13', 39, NULL, 39, NULL, NULL, NULL, NULL, NULL, NULL),
(40, 'Created a Forum Discussion Post', '2024-05-09 22:36:13', 40, NULL, 40, NULL, NULL, NULL, NULL, NULL, NULL),
(41, 'Created a Forum Discussion Post', '2024-05-09 22:36:13', 41, NULL, 41, NULL, NULL, NULL, NULL, NULL, NULL),
(42, 'Created a Forum Discussion Post', '2024-05-09 22:36:13', 42, NULL, 42, NULL, NULL, NULL, NULL, NULL, NULL),
(43, 'Created a Forum Discussion Post', '2024-05-09 22:36:13', 43, NULL, 43, NULL, NULL, NULL, NULL, NULL, NULL),
(44, 'Created a Forum Discussion Post', '2024-05-09 22:36:13', 44, NULL, 44, NULL, NULL, NULL, NULL, NULL, NULL),
(45, 'Created a Forum Discussion Post', '2024-05-09 22:36:13', 45, NULL, 45, NULL, NULL, NULL, NULL, NULL, NULL),
(46, 'Created a Forum Discussion Post', '2024-05-09 22:36:13', 46, NULL, 46, NULL, NULL, NULL, NULL, NULL, NULL),
(47, 'Created a Forum Discussion Post', '2024-05-09 22:36:13', 47, NULL, 47, NULL, NULL, NULL, NULL, NULL, NULL),
(48, 'Created a Forum Discussion Post', '2024-05-09 22:36:13', 48, NULL, 48, NULL, NULL, NULL, NULL, NULL, NULL),
(49, 'Created a Forum Discussion Post', '2024-05-09 22:36:13', 49, NULL, 49, NULL, NULL, NULL, NULL, NULL, NULL),
(50, 'Created a Forum Discussion Post', '2024-05-09 22:36:13', 50, NULL, 50, NULL, NULL, NULL, NULL, NULL, NULL),
(51, 'Liked a Post', '2024-05-09 22:36:13', 325, NULL, NULL, NULL, NULL, 26, NULL, NULL, NULL),
(52, 'Liked a Post', '2024-05-09 22:36:13', 326, NULL, NULL, NULL, NULL, 27, NULL, NULL, NULL),
(53, 'Liked a Post', '2024-05-09 22:36:13', 327, NULL, NULL, NULL, NULL, 28, NULL, NULL, NULL),
(54, 'Liked a Post', '2024-05-09 22:36:13', 328, NULL, NULL, NULL, NULL, 29, NULL, NULL, NULL),
(55, 'Liked a Post', '2024-05-09 22:36:13', 329, NULL, NULL, NULL, NULL, 30, NULL, NULL, NULL),
(56, 'Liked a Post', '2024-05-09 22:36:13', 330, NULL, NULL, NULL, NULL, 31, NULL, NULL, NULL),
(57, 'Liked a Post', '2024-05-09 22:36:13', 331, NULL, NULL, NULL, NULL, 32, NULL, NULL, NULL),
(58, 'Liked a Post', '2024-05-09 22:36:13', 332, NULL, NULL, NULL, NULL, 33, NULL, NULL, NULL),
(59, 'Liked a Post', '2024-05-09 22:36:13', 333, NULL, NULL, NULL, NULL, 34, NULL, NULL, NULL),
(60, 'Liked a Post', '2024-05-09 22:36:13', 334, NULL, NULL, NULL, NULL, 35, NULL, NULL, NULL),
(61, 'Liked a Post', '2024-05-09 22:36:13', 335, NULL, NULL, NULL, NULL, 36, NULL, NULL, NULL),
(62, 'Liked a Post', '2024-05-09 22:36:13', 336, NULL, NULL, NULL, NULL, 37, NULL, NULL, NULL),
(63, 'Liked a Post', '2024-05-09 22:36:13', 337, NULL, NULL, NULL, NULL, 38, NULL, NULL, NULL),
(64, 'Liked a Post', '2024-05-09 22:36:13', 338, NULL, NULL, NULL, NULL, 39, NULL, NULL, NULL),
(65, 'Liked a Post', '2024-05-09 22:36:13', 339, NULL, NULL, NULL, NULL, 40, NULL, NULL, NULL),
(66, 'Liked a Post', '2024-05-09 22:36:13', 340, NULL, NULL, NULL, NULL, 41, NULL, NULL, NULL),
(67, 'Liked a Post', '2024-05-09 22:36:13', 341, NULL, NULL, NULL, NULL, 42, NULL, NULL, NULL),
(68, 'Liked a Post', '2024-05-09 22:36:13', 342, NULL, NULL, NULL, NULL, 43, NULL, NULL, NULL),
(69, 'Liked a Post', '2024-05-09 22:36:13', 343, NULL, NULL, NULL, NULL, 44, NULL, NULL, NULL),
(70, 'Liked a Post', '2024-05-09 22:36:13', 344, NULL, NULL, NULL, NULL, 45, NULL, NULL, NULL),
(71, 'Liked a Post', '2024-05-09 22:36:13', 345, NULL, NULL, NULL, NULL, 46, NULL, NULL, NULL),
(72, 'Liked a Post', '2024-05-09 22:36:13', 346, NULL, NULL, NULL, NULL, 47, NULL, NULL, NULL),
(73, 'Liked a Post', '2024-05-09 22:36:13', 347, NULL, NULL, NULL, NULL, 48, NULL, NULL, NULL),
(74, 'Liked a Post', '2024-05-09 22:36:13', 348, NULL, NULL, NULL, NULL, 49, NULL, NULL, NULL),
(75, 'Liked a Post', '2024-05-09 22:36:13', 349, NULL, NULL, NULL, NULL, 50, NULL, NULL, NULL),
(76, 'Liked a Post', '2024-05-09 22:36:13', 350, NULL, NULL, NULL, NULL, 51, NULL, NULL, NULL),
(77, 'Liked a Post', '2024-05-09 22:36:13', 351, NULL, NULL, NULL, NULL, 52, NULL, NULL, NULL),
(78, 'Liked a Post', '2024-05-09 22:36:13', 352, NULL, NULL, NULL, NULL, 53, NULL, NULL, NULL),
(79, 'Liked a Post', '2024-05-09 22:36:13', 353, NULL, NULL, NULL, NULL, 54, NULL, NULL, NULL),
(80, 'Liked a Post', '2024-05-09 22:36:13', 354, NULL, NULL, NULL, NULL, 55, NULL, NULL, NULL),
(81, 'Liked a Post', '2024-05-09 22:36:13', 355, NULL, NULL, NULL, NULL, 56, NULL, NULL, NULL),
(82, 'Liked a Post', '2024-05-09 22:36:13', 356, NULL, NULL, NULL, NULL, 57, NULL, NULL, NULL),
(83, 'Liked a Post', '2024-05-09 22:36:13', 357, NULL, NULL, NULL, NULL, 58, NULL, NULL, NULL),
(84, 'Liked a Post', '2024-05-09 22:36:13', 358, NULL, NULL, NULL, NULL, 59, NULL, NULL, NULL),
(85, 'Liked a Post', '2024-05-09 22:36:13', 359, NULL, NULL, NULL, NULL, 60, NULL, NULL, NULL),
(86, 'Liked a Post', '2024-05-09 22:36:13', 360, NULL, NULL, NULL, NULL, 61, NULL, NULL, NULL),
(87, 'Liked a Post', '2024-05-09 22:36:13', 361, NULL, NULL, NULL, NULL, 62, NULL, NULL, NULL),
(88, 'Liked a Post', '2024-05-09 22:36:13', 362, NULL, NULL, NULL, NULL, 63, NULL, NULL, NULL),
(89, 'Liked a Post', '2024-05-09 22:36:13', 363, NULL, NULL, NULL, NULL, 64, NULL, NULL, NULL),
(90, 'Liked a Post', '2024-05-09 22:36:13', 364, NULL, NULL, NULL, NULL, 65, NULL, NULL, NULL),
(91, 'Liked a Post', '2024-05-09 22:36:13', 365, NULL, NULL, NULL, NULL, 66, NULL, NULL, NULL),
(92, 'Liked a Post', '2024-05-09 22:36:13', 366, NULL, NULL, NULL, NULL, 67, NULL, NULL, NULL),
(93, 'Liked a Post', '2024-05-09 22:36:13', 367, NULL, NULL, NULL, NULL, 68, NULL, NULL, NULL),
(94, 'Liked a Post', '2024-05-09 22:36:13', 368, NULL, NULL, NULL, NULL, 69, NULL, NULL, NULL),
(95, 'Liked a Post', '2024-05-09 22:36:13', 369, NULL, NULL, NULL, NULL, 70, NULL, NULL, NULL),
(96, 'Liked a Post', '2024-05-09 22:36:13', 370, NULL, NULL, NULL, NULL, 71, NULL, NULL, NULL),
(97, 'Liked a Post', '2024-05-09 22:36:13', 371, NULL, NULL, NULL, NULL, 72, NULL, NULL, NULL),
(98, 'Liked a Post', '2024-05-09 22:36:13', 372, NULL, NULL, NULL, NULL, 73, NULL, NULL, NULL),
(99, 'Liked a Post', '2024-05-09 22:36:13', 373, NULL, NULL, NULL, NULL, 74, NULL, NULL, NULL),
(100, 'Liked a Post', '2024-05-09 22:36:13', 374, NULL, NULL, NULL, NULL, 75, NULL, NULL, NULL);

-- --------------------------------------------------------

--
-- Table structure for table `badges`
--

CREATE TABLE `badges` (
  `badgeid` int(11) NOT NULL,
  `created_at` datetime NOT NULL DEFAULT current_timestamp(),
  `userid` int(11) NOT NULL,
  `badgeTypeid` int(11) DEFAULT 0
) ENGINE=InnoDB DEFAULT CHARSET=utf8mb4 COLLATE=utf8mb4_general_ci;

--
-- Dumping data for table `badges`
--

INSERT INTO `badges` (`badgeid`, `created_at`, `userid`, `badgeTypeid`) VALUES
(1, '2024-05-09 22:03:10', 1, 2),
(2, '2024-05-09 22:03:10', 1, 3),
(3, '2024-05-09 22:03:10', 1, 7),
(4, '2024-05-09 22:03:10', 2, 2),
(5, '2024-05-09 22:03:10', 2, 3),
(6, '2024-05-09 22:03:10', 2, 7),
(7, '2024-05-09 22:03:10', 3, 2),
(8, '2024-05-09 22:03:10', 3, 3),
(9, '2024-05-09 22:03:10', 3, 7),
(10, '2024-05-09 22:03:10', 4, 2),
(11, '2024-05-09 22:03:10', 4, 3),
(12, '2024-05-09 22:03:10', 4, 7),
(13, '2024-05-09 22:03:10', 5, 2),
(14, '2024-05-09 22:03:10', 5, 3),
(15, '2024-05-09 22:03:10', 5, 7),
(16, '2024-05-09 22:03:10', 6, 2),
(17, '2024-05-09 22:03:10', 6, 3),
(18, '2024-05-09 22:03:10', 6, 7),
(19, '2024-05-09 22:03:10', 7, 2),
(20, '2024-05-09 22:03:10', 7, 3),
(21, '2024-05-09 22:03:10', 7, 7),
(22, '2024-05-09 22:03:10', 8, 2),
(23, '2024-05-09 22:03:10', 8, 3),
(24, '2024-05-09 22:03:10', 8, 7),
(25, '2024-05-09 22:03:10', 9, 2),
(26, '2024-05-09 22:03:10', 9, 3),
(27, '2024-05-09 22:03:10', 9, 7),
(28, '2024-05-09 22:03:10', 10, 2),
(29, '2024-05-09 22:03:10', 10, 3),
(30, '2024-05-09 22:03:10', 10, 7),
(31, '2024-05-09 22:03:10', 11, 2),
(32, '2024-05-09 22:03:10', 11, 3),
(33, '2024-05-09 22:03:10', 11, 7),
(34, '2024-05-09 22:03:10', 12, 2),
(35, '2024-05-09 22:03:10', 12, 3),
(36, '2024-05-09 22:03:10', 12, 7),
(37, '2024-05-09 22:03:10', 13, 2),
(38, '2024-05-09 22:03:11', 13, 3),
(39, '2024-05-09 22:03:11', 13, 7),
(40, '2024-05-09 22:03:11', 14, 2),
(41, '2024-05-09 22:03:11', 14, 3),
(42, '2024-05-09 22:03:11', 14, 7),
(43, '2024-05-09 22:03:11', 15, 2),
(44, '2024-05-09 22:03:11', 15, 3),
(45, '2024-05-09 22:03:11', 15, 7),
(46, '2024-05-09 22:03:11', 16, 2),
(47, '2024-05-09 22:03:11', 16, 3),
(48, '2024-05-09 22:03:11', 16, 7),
(49, '2024-05-09 22:03:11', 17, 2),
(50, '2024-05-09 22:03:11', 17, 3),
(51, '2024-05-09 22:03:11', 17, 7),
(52, '2024-05-09 22:03:11', 18, 2),
(53, '2024-05-09 22:03:11', 18, 3),
(54, '2024-05-09 22:03:11', 18, 7),
(55, '2024-05-09 22:03:11', 19, 2),
(56, '2024-05-09 22:03:11', 19, 3),
(57, '2024-05-09 22:03:11', 19, 7),
(58, '2024-05-09 22:03:11', 20, 2),
(59, '2024-05-09 22:03:11', 20, 3),
(60, '2024-05-09 22:03:11', 20, 7),
(61, '2024-05-09 22:03:11', 21, 2),
(62, '2024-05-09 22:03:11', 21, 3),
(63, '2024-05-09 22:03:11', 21, 7),
(64, '2024-05-09 22:03:11', 22, 2),
(65, '2024-05-09 22:03:11', 22, 3),
(66, '2024-05-09 22:03:11', 22, 7),
(67, '2024-05-09 22:03:11', 23, 2),
(68, '2024-05-09 22:03:11', 23, 3),
(69, '2024-05-09 22:03:11', 23, 7),
(70, '2024-05-09 22:03:11', 24, 2),
(71, '2024-05-09 22:03:11', 24, 3),
(72, '2024-05-09 22:03:11', 24, 7),
(73, '2024-05-09 22:03:11', 25, 2),
(74, '2024-05-09 22:03:11', 25, 3),
(75, '2024-05-09 22:03:11', 25, 7),
(76, '2024-05-09 22:03:11', 26, 2),
(77, '2024-05-09 22:03:11', 26, 3),
(78, '2024-05-09 22:03:11', 26, 7),
(79, '2024-05-09 22:03:11', 27, 2),
(80, '2024-05-09 22:03:11', 27, 3),
(81, '2024-05-09 22:03:11', 27, 7),
(82, '2024-05-09 22:03:11', 28, 2),
(83, '2024-05-09 22:03:11', 28, 3),
(84, '2024-05-09 22:03:11', 28, 7),
(85, '2024-05-09 22:03:11', 29, 2),
(86, '2024-05-09 22:03:11', 29, 3),
(87, '2024-05-09 22:03:11', 29, 7),
(88, '2024-05-09 22:03:11', 30, 2),
(89, '2024-05-09 22:03:11', 30, 3),
(90, '2024-05-09 22:03:11', 30, 7),
(91, '2024-05-09 22:03:11', 31, 2),
(92, '2024-05-09 22:03:11', 31, 3),
(93, '2024-05-09 22:03:11', 31, 7),
(94, '2024-05-09 22:03:11', 32, 2),
(95, '2024-05-09 22:03:11', 32, 3),
(96, '2024-05-09 22:03:11', 32, 7),
(97, '2024-05-09 22:03:11', 33, 2),
(98, '2024-05-09 22:03:11', 33, 3),
(99, '2024-05-09 22:03:11', 33, 7),
(100, '2024-05-09 22:03:11', 34, 2),
(101, '2024-05-09 22:03:11', 34, 3),
(102, '2024-05-09 22:03:11', 34, 7);

-- --------------------------------------------------------

--
-- Table structure for table `badgeTypes`
--

CREATE TABLE `badgeTypes` (
  `badgeTypeid` int(11) NOT NULL,
  `badgeTypeName` tinytext NOT NULL
) ENGINE=InnoDB DEFAULT CHARSET=utf8mb4 COLLATE=utf8mb4_general_ci;

--
-- Dumping data for table `badgeTypes`
--

INSERT INTO `badgeTypes` (`badgeTypeid`, `badgeTypeName`) VALUES
(1, 'First Edit'),
(2, 'First Comment'),
(3, 'First Post'),
(4, 'First Page'),
(5, 'First Like'),
(6, 'First Dislike'),
(7, 'First Star'),
(8, 'Getting Started');

-- --------------------------------------------------------

--
-- Table structure for table `comments`
--

CREATE TABLE `comments` (
  `commentid` int(11) NOT NULL,
  `content` tinytext NOT NULL,
  `created_at` datetime NOT NULL DEFAULT current_timestamp(),
  `userid` int(11) NOT NULL,
  `pageid` int(11) DEFAULT NULL,
  `forumid` int(11) DEFAULT NULL,
  `wallid` int(11) DEFAULT NULL,
  `replyid` int(11) DEFAULT NULL
) ENGINE=InnoDB DEFAULT CHARSET=utf8mb4 COLLATE=utf8mb4_general_ci;

--
-- Dumping data for table `comments`
--

INSERT INTO `comments` (`commentid`, `content`, `created_at`, `userid`, `pageid`, `forumid`, `wallid`, `replyid`) VALUES
(1, 'Content for Comment 1', '2024-05-09 22:07:06', 26, 1, NULL, NULL, NULL),
(2, 'Content for Comment 2', '2024-05-09 22:07:06', 27, 2, NULL, NULL, NULL),
(3, 'Content for Comment 3', '2024-05-09 22:07:06', 28, 3, NULL, NULL, NULL),
(4, 'Content for Comment 4', '2024-05-09 22:07:06', 29, 4, NULL, NULL, NULL),
(5, 'Content for Comment 5', '2024-05-09 22:07:06', 30, 5, NULL, NULL, NULL),
(6, 'Content for Comment 6', '2024-05-09 22:07:06', 31, 6, NULL, NULL, NULL),
(7, 'Content for Comment 7', '2024-05-09 22:07:06', 32, 7, NULL, NULL, NULL),
(8, 'Content for Comment 8', '2024-05-09 22:07:06', 33, 8, NULL, NULL, NULL),
(9, 'Content for Comment 9', '2024-05-09 22:07:06', 34, 9, NULL, NULL, NULL),
(10, 'Content for Comment 10', '2024-05-09 22:07:06', 35, 10, NULL, NULL, NULL),
(11, 'Content for Comment 11', '2024-05-09 22:07:06', 36, 11, NULL, NULL, NULL),
(12, 'Content for Comment 12', '2024-05-09 22:07:06', 37, 12, NULL, NULL, NULL),
(13, 'Content for Comment 13', '2024-05-09 22:07:06', 38, 13, NULL, NULL, NULL),
(14, 'Content for Comment 14', '2024-05-09 22:07:06', 39, 14, NULL, NULL, NULL),
(15, 'Content for Comment 15', '2024-05-09 22:07:06', 40, 15, NULL, NULL, NULL),
(16, 'Content for Comment 16', '2024-05-09 22:07:06', 41, 16, NULL, NULL, NULL),
(17, 'Content for Comment 17', '2024-05-09 22:07:06', 42, 17, NULL, NULL, NULL),
(18, 'Content for Comment 18', '2024-05-09 22:07:06', 43, 18, NULL, NULL, NULL),
(19, 'Content for Comment 19', '2024-05-09 22:07:06', 44, 19, NULL, NULL, NULL),
(20, 'Content for Comment 20', '2024-05-09 22:07:06', 45, 20, NULL, NULL, NULL),
(21, 'Content for Comment 21', '2024-05-09 22:07:06', 46, 21, NULL, NULL, NULL),
(22, 'Content for Comment 22', '2024-05-09 22:07:06', 47, 22, NULL, NULL, NULL),
(23, 'Content for Comment 23', '2024-05-09 22:07:06', 48, 23, NULL, NULL, NULL),
(24, 'Content for Comment 24', '2024-05-09 22:07:06', 49, 24, NULL, NULL, NULL),
(25, 'Content for Comment 25', '2024-05-09 22:07:06', 50, 25, NULL, NULL, NULL),
(26, 'Content for Comment 26', '2024-05-09 22:07:06', 51, NULL, 26, NULL, NULL),
(27, 'Content for Comment 27', '2024-05-09 22:07:06', 52, NULL, 27, NULL, NULL),
(28, 'Content for Comment 28', '2024-05-09 22:07:06', 53, NULL, 28, NULL, NULL),
(29, 'Content for Comment 29', '2024-05-09 22:07:06', 54, NULL, 29, NULL, NULL),
(30, 'Content for Comment 30', '2024-05-09 22:07:06', 55, NULL, 30, NULL, NULL),
(31, 'Content for Comment 31', '2024-05-09 22:07:06', 56, NULL, 31, NULL, NULL),
(32, 'Content for Comment 32', '2024-05-09 22:07:06', 57, NULL, 32, NULL, NULL),
(33, 'Content for Comment 33', '2024-05-09 22:07:06', 58, NULL, 33, NULL, NULL),
(34, 'Content for Comment 34', '2024-05-09 22:07:06', 59, NULL, 34, NULL, NULL),
(35, 'Content for Comment 35', '2024-05-09 22:07:06', 60, NULL, 35, NULL, NULL),
(36, 'Content for Comment 36', '2024-05-09 22:07:06', 61, NULL, 36, NULL, NULL),
(37, 'Content for Comment 37', '2024-05-09 22:07:06', 62, NULL, 37, NULL, NULL),
(38, 'Content for Comment 38', '2024-05-09 22:07:06', 63, NULL, 38, NULL, NULL),
(39, 'Content for Comment 39', '2024-05-09 22:07:06', 64, NULL, 39, NULL, NULL),
(40, 'Content for Comment 40', '2024-05-09 22:07:06', 65, NULL, 40, NULL, NULL),
(41, 'Content for Comment 41', '2024-05-09 22:07:06', 66, NULL, 41, NULL, NULL),
(42, 'Content for Comment 42', '2024-05-09 22:07:06', 67, NULL, 42, NULL, NULL),
(43, 'Content for Comment 43', '2024-05-09 22:07:06', 68, NULL, 43, NULL, NULL),
(44, 'Content for Comment 44', '2024-05-09 22:07:06', 69, NULL, 44, NULL, NULL),
(45, 'Content for Comment 45', '2024-05-09 22:07:06', 70, NULL, 45, NULL, NULL),
(46, 'Content for Comment 46', '2024-05-09 22:07:06', 71, NULL, 46, NULL, NULL),
(47, 'Content for Comment 47', '2024-05-09 22:07:06', 72, NULL, 47, NULL, NULL),
(48, 'Content for Comment 48', '2024-05-09 22:07:06', 73, NULL, 48, NULL, NULL),
(49, 'Content for Comment 49', '2024-05-09 22:07:06', 74, NULL, 49, NULL, NULL),
(50, 'Content for Comment 50', '2024-05-09 22:07:06', 75, NULL, 50, NULL, NULL),
(51, 'Content for Comment 51', '2024-05-09 22:07:06', 76, NULL, NULL, 51, NULL),
(52, 'Content for Comment 52', '2024-05-09 22:07:06', 77, NULL, NULL, 52, NULL),
(53, 'Content for Comment 53', '2024-05-09 22:07:06', 78, NULL, NULL, 53, NULL),
(54, 'Content for Comment 54', '2024-05-09 22:07:06', 79, NULL, NULL, 54, NULL),
(55, 'Content for Comment 55', '2024-05-09 22:07:06', 80, NULL, NULL, 55, NULL),
(56, 'Content for Comment 56', '2024-05-09 22:07:06', 81, NULL, NULL, 56, NULL),
(57, 'Content for Comment 57', '2024-05-09 22:07:06', 82, NULL, NULL, 57, NULL),
(58, 'Content for Comment 58', '2024-05-09 22:07:06', 83, NULL, NULL, 58, NULL),
(59, 'Content for Comment 59', '2024-05-09 22:07:06', 84, NULL, NULL, 59, NULL),
(60, 'Content for Comment 60', '2024-05-09 22:07:06', 85, NULL, NULL, 60, NULL),
(61, 'Content for Comment 61', '2024-05-09 22:07:06', 86, NULL, NULL, 61, NULL),
(62, 'Content for Comment 62', '2024-05-09 22:07:06', 87, NULL, NULL, 62, NULL),
(63, 'Content for Comment 63', '2024-05-09 22:07:06', 88, NULL, NULL, 63, NULL),
(64, 'Content for Comment 64', '2024-05-09 22:07:06', 89, NULL, NULL, 64, NULL),
(65, 'Content for Comment 65', '2024-05-09 22:07:06', 90, NULL, NULL, 65, NULL),
(66, 'Content for Comment 66', '2024-05-09 22:07:06', 91, NULL, NULL, 66, NULL),
(67, 'Content for Comment 67', '2024-05-09 22:07:06', 92, NULL, NULL, 67, NULL),
(68, 'Content for Comment 68', '2024-05-09 22:07:06', 93, NULL, NULL, 68, NULL),
(69, 'Content for Comment 69', '2024-05-09 22:07:06', 94, NULL, NULL, 69, NULL),
(70, 'Content for Comment 70', '2024-05-09 22:07:06', 95, NULL, NULL, 70, NULL),
(71, 'Content for Comment 71', '2024-05-09 22:07:06', 96, NULL, NULL, 71, NULL),
(72, 'Content for Comment 72', '2024-05-09 22:07:06', 97, NULL, NULL, 72, NULL),
(73, 'Content for Comment 73', '2024-05-09 22:07:06', 98, NULL, NULL, 73, NULL),
(74, 'Content for Comment 74', '2024-05-09 22:07:06', 99, NULL, NULL, 74, NULL),
(75, 'Content for Comment 75', '2024-05-09 22:07:06', 100, NULL, NULL, 75, NULL),
(76, 'Content for Comment 76', '2024-05-09 22:07:06', 101, NULL, NULL, NULL, 1),
(77, 'Content for Comment 77', '2024-05-09 22:07:06', 102, NULL, NULL, NULL, 2),
(78, 'Content for Comment 78', '2024-05-09 22:07:06', 103, NULL, NULL, NULL, 3),
(79, 'Content for Comment 79', '2024-05-09 22:07:06', 104, NULL, NULL, NULL, 4),
(80, 'Content for Comment 80', '2024-05-09 22:07:06', 105, NULL, NULL, NULL, 5),
(81, 'Content for Comment 81', '2024-05-09 22:07:06', 106, NULL, NULL, NULL, 6),
(82, 'Content for Comment 82', '2024-05-09 22:07:06', 107, NULL, NULL, NULL, 7),
(83, 'Content for Comment 83', '2024-05-09 22:07:06', 108, NULL, NULL, NULL, 8),
(84, 'Content for Comment 84', '2024-05-09 22:07:06', 109, NULL, NULL, NULL, 9),
(85, 'Content for Comment 85', '2024-05-09 22:07:06', 110, NULL, NULL, NULL, 10),
(86, 'Content for Comment 86', '2024-05-09 22:07:06', 111, NULL, NULL, NULL, 11),
(87, 'Content for Comment 87', '2024-05-09 22:07:06', 112, NULL, NULL, NULL, 12),
(88, 'Content for Comment 88', '2024-05-09 22:07:06', 113, NULL, NULL, NULL, 13),
(89, 'Content for Comment 89', '2024-05-09 22:07:06', 114, NULL, NULL, NULL, 14),
(90, 'Content for Comment 90', '2024-05-09 22:07:06', 115, NULL, NULL, NULL, 15),
(91, 'Content for Comment 91', '2024-05-09 22:07:06', 116, NULL, NULL, NULL, 16),
(92, 'Content for Comment 92', '2024-05-09 22:07:06', 117, NULL, NULL, NULL, 17),
(93, 'Content for Comment 93', '2024-05-09 22:07:06', 118, NULL, NULL, NULL, 18),
(94, 'Content for Comment 94', '2024-05-09 22:07:06', 119, NULL, NULL, NULL, 19),
(95, 'Content for Comment 95', '2024-05-09 22:07:06', 120, NULL, NULL, NULL, 20),
(96, 'Content for Comment 96', '2024-05-09 22:07:06', 121, NULL, NULL, NULL, 21),
(97, 'Content for Comment 97', '2024-05-09 22:07:06', 122, NULL, NULL, NULL, 22),
(98, 'Content for Comment 98', '2024-05-09 22:07:06', 123, NULL, NULL, NULL, 23),
(99, 'Content for Comment 99', '2024-05-09 22:07:06', 124, NULL, NULL, NULL, 24),
(100, 'Content for Comment 100', '2024-05-09 22:07:06', 125, NULL, NULL, NULL, 25);

-- --------------------------------------------------------

--
-- Table structure for table `dislikes`
--

CREATE TABLE `dislikes` (
  `dislikeid` int(11) NOT NULL,
  `created_at` datetime NOT NULL DEFAULT current_timestamp(),
  `userid` int(11) NOT NULL,
  `commentid` int(11) DEFAULT NULL,
  `forumid` int(11) DEFAULT NULL
) ENGINE=InnoDB DEFAULT CHARSET=utf8mb4 COLLATE=utf8mb4_general_ci;

--
-- Dumping data for table `dislikes`
--

INSERT INTO `dislikes` (`dislikeid`, `created_at`, `userid`, `commentid`, `forumid`) VALUES
(1, '2024-05-09 22:24:35', 400, 26, 26),
(2, '2024-05-09 22:24:35', 401, 27, 27),
(3, '2024-05-09 22:24:35', 402, 28, 28),
(4, '2024-05-09 22:24:35', 403, 29, 29),
(5, '2024-05-09 22:24:35', 404, 30, 30),
(6, '2024-05-09 22:24:35', 405, 31, 31),
(7, '2024-05-09 22:24:35', 406, 32, 32),
(8, '2024-05-09 22:24:35', 407, 33, 33),
(9, '2024-05-09 22:24:35', 408, 34, 34),
(10, '2024-05-09 22:24:35', 409, 35, 35),
(11, '2024-05-09 22:24:35', 410, 36, 36),
(12, '2024-05-09 22:24:35', 411, 37, 37),
(13, '2024-05-09 22:24:35', 412, 38, 38),
(14, '2024-05-09 22:24:35', 413, 39, 39),
(15, '2024-05-09 22:24:35', 414, 40, 40),
(16, '2024-05-09 22:24:35', 415, 41, 41),
(17, '2024-05-09 22:24:35', 416, 42, 42),
(18, '2024-05-09 22:24:35', 417, 43, 43),
(19, '2024-05-09 22:24:35', 418, 44, 44),
(20, '2024-05-09 22:24:35', 419, 45, 45),
(21, '2024-05-09 22:24:35', 420, 46, 46),
(22, '2024-05-09 22:24:35', 421, 47, 47),
(23, '2024-05-09 22:24:35', 422, 48, 48),
(24, '2024-05-09 22:24:35', 423, 49, 49),
(25, '2024-05-09 22:24:35', 424, 50, 50),
(26, '2024-05-09 22:24:35', 425, 1, NULL),
(27, '2024-05-09 22:24:35', 426, 2, NULL),
(28, '2024-05-09 22:24:35', 427, 3, NULL),
(29, '2024-05-09 22:24:35', 428, 4, NULL),
(30, '2024-05-09 22:24:35', 429, 5, NULL),
(31, '2024-05-09 22:24:35', 430, 6, NULL),
(32, '2024-05-09 22:24:35', 431, 7, NULL),
(33, '2024-05-09 22:24:35', 432, 8, NULL),
(34, '2024-05-09 22:24:35', 433, 9, NULL),
(35, '2024-05-09 22:24:35', 434, 10, NULL),
(36, '2024-05-09 22:24:35', 435, 11, NULL),
(37, '2024-05-09 22:24:35', 436, 12, NULL),
(38, '2024-05-09 22:24:35', 437, 13, NULL),
(39, '2024-05-09 22:24:35', 438, 14, NULL),
(40, '2024-05-09 22:24:35', 439, 15, NULL),
(41, '2024-05-09 22:24:35', 440, 16, NULL),
(42, '2024-05-09 22:24:35', 441, 17, NULL),
(43, '2024-05-09 22:24:35', 442, 18, NULL),
(44, '2024-05-09 22:24:35', 443, 19, NULL),
(45, '2024-05-09 22:24:35', 444, 20, NULL),
(46, '2024-05-09 22:24:35', 445, 21, NULL),
(47, '2024-05-09 22:24:35', 446, 22, NULL),
(48, '2024-05-09 22:24:35', 447, 23, NULL),
(49, '2024-05-09 22:24:35', 448, 24, NULL),
(50, '2024-05-09 22:24:35', 449, 25, NULL),
(51, '2024-05-09 22:24:35', 450, 51, NULL),
(52, '2024-05-09 22:24:35', 451, 52, NULL),
(53, '2024-05-09 22:24:35', 452, 53, NULL),
(54, '2024-05-09 22:24:35', 453, 54, NULL),
(55, '2024-05-09 22:24:35', 454, 55, NULL),
(56, '2024-05-09 22:24:35', 455, 56, NULL),
(57, '2024-05-09 22:24:35', 456, 57, NULL),
(58, '2024-05-09 22:24:35', 457, 58, NULL),
(59, '2024-05-09 22:24:35', 458, 59, NULL),
(60, '2024-05-09 22:24:35', 459, 60, NULL),
(61, '2024-05-09 22:24:35', 460, 61, NULL),
(62, '2024-05-09 22:24:35', 461, 62, NULL),
(63, '2024-05-09 22:24:35', 462, 63, NULL),
(64, '2024-05-09 22:24:35', 463, 64, NULL),
(65, '2024-05-09 22:24:35', 464, 65, NULL),
(66, '2024-05-09 22:24:35', 465, 66, NULL),
(67, '2024-05-09 22:24:35', 466, 67, NULL),
(68, '2024-05-09 22:24:35', 467, 68, NULL),
(69, '2024-05-09 22:24:35', 468, 69, NULL),
(70, '2024-05-09 22:24:35', 469, 70, NULL),
(71, '2024-05-09 22:24:35', 470, 71, NULL),
(72, '2024-05-09 22:24:35', 471, 72, NULL),
(73, '2024-05-09 22:24:35', 472, 73, NULL),
(74, '2024-05-09 22:24:35', 473, 74, NULL),
(75, '2024-05-09 22:24:35', 474, 75, NULL),
(76, '2024-05-09 22:24:35', 475, 76, NULL),
(77, '2024-05-09 22:24:35', 476, 77, NULL),
(78, '2024-05-09 22:24:35', 477, 78, NULL),
(79, '2024-05-09 22:24:35', 478, 79, NULL),
(80, '2024-05-09 22:24:35', 479, 80, NULL),
(81, '2024-05-09 22:24:35', 480, 81, NULL),
(82, '2024-05-09 22:24:35', 481, 82, NULL),
(83, '2024-05-09 22:24:35', 482, 83, NULL),
(84, '2024-05-09 22:24:36', 483, 84, NULL),
(85, '2024-05-09 22:24:36', 484, 85, NULL),
(86, '2024-05-09 22:24:36', 485, 86, NULL),
(87, '2024-05-09 22:24:36', 486, 87, NULL),
(88, '2024-05-09 22:24:36', 487, 88, NULL),
(89, '2024-05-09 22:24:36', 488, 89, NULL),
(90, '2024-05-09 22:24:36', 489, 90, NULL),
(91, '2024-05-09 22:24:36', 490, 91, NULL),
(92, '2024-05-09 22:24:36', 491, 92, NULL),
(93, '2024-05-09 22:24:36', 492, 93, NULL),
(94, '2024-05-09 22:24:36', 493, 94, NULL),
(95, '2024-05-09 22:24:36', 494, 95, NULL),
(96, '2024-05-09 22:24:36', 495, 96, NULL),
(97, '2024-05-09 22:24:36', 496, 97, NULL),
(98, '2024-05-09 22:24:36', 497, 98, NULL),
(99, '2024-05-09 22:24:36', 498, 99, NULL),
(100, '2024-05-09 22:24:36', 499, 100, NULL);

-- --------------------------------------------------------

--
-- Table structure for table `forums`
--

CREATE TABLE `forums` (
  `forumid` int(11) NOT NULL,
  `title` tinytext NOT NULL,
  `content` tinytext NOT NULL,
  `created_at` datetime NOT NULL DEFAULT current_timestamp(),
  `userid` int(11) NOT NULL
) ENGINE=InnoDB DEFAULT CHARSET=utf8mb4 COLLATE=utf8mb4_general_ci;

--
-- Dumping data for table `forums`
--

INSERT INTO `forums` (`forumid`, `title`, `content`, `created_at`, `userid`) VALUES
(1, 'Question about Plant 1?', 'Content for Forum Discussion Post 1', '2024-05-09 22:06:23', 1),
(2, 'Question about Plant 2?', 'Content for Forum Discussion Post 2', '2024-05-09 22:06:23', 2),
(3, 'Question about Plant 3?', 'Content for Forum Discussion Post 3', '2024-05-09 22:06:23', 3),
(4, 'Question about Plant 4?', 'Content for Forum Discussion Post 4', '2024-05-09 22:06:23', 4),
(5, 'Question about Plant 5?', 'Content for Forum Discussion Post 5', '2024-05-09 22:06:23', 5),
(6, 'Question about Plant 6?', 'Content for Forum Discussion Post 6', '2024-05-09 22:06:23', 6),
(7, 'Question about Plant 7?', 'Content for Forum Discussion Post 7', '2024-05-09 22:06:23', 7),
(8, 'Question about Plant 8?', 'Content for Forum Discussion Post 8', '2024-05-09 22:06:23', 8),
(9, 'Question about Plant 9?', 'Content for Forum Discussion Post 9', '2024-05-09 22:06:23', 9),
(10, 'Question about Plant 10?', 'Content for Forum Discussion Post 10', '2024-05-09 22:06:23', 10),
(11, 'Question about Plant 11?', 'Content for Forum Discussion Post 11', '2024-05-09 22:06:23', 11),
(12, 'Question about Plant 12?', 'Content for Forum Discussion Post 12', '2024-05-09 22:06:23', 12),
(13, 'Question about Plant 13?', 'Content for Forum Discussion Post 13', '2024-05-09 22:06:23', 13),
(14, 'Question about Plant 14?', 'Content for Forum Discussion Post 14', '2024-05-09 22:06:23', 14),
(15, 'Question about Plant 15?', 'Content for Forum Discussion Post 15', '2024-05-09 22:06:23', 15),
(16, 'Question about Plant 16?', 'Content for Forum Discussion Post 16', '2024-05-09 22:06:23', 16),
(17, 'Question about Plant 17?', 'Content for Forum Discussion Post 17', '2024-05-09 22:06:23', 17),
(18, 'Question about Plant 18?', 'Content for Forum Discussion Post 18', '2024-05-09 22:06:23', 18),
(19, 'Question about Plant 19?', 'Content for Forum Discussion Post 19', '2024-05-09 22:06:23', 19),
(20, 'Question about Plant 20?', 'Content for Forum Discussion Post 20', '2024-05-09 22:06:23', 20),
(21, 'Question about Plant 21?', 'Content for Forum Discussion Post 21', '2024-05-09 22:06:23', 21),
(22, 'Question about Plant 22?', 'Content for Forum Discussion Post 22', '2024-05-09 22:06:23', 22),
(23, 'Question about Plant 23?', 'Content for Forum Discussion Post 23', '2024-05-09 22:06:23', 23),
(24, 'Question about Plant 24?', 'Content for Forum Discussion Post 24', '2024-05-09 22:06:23', 24),
(25, 'Question about Plant 25?', 'Content for Forum Discussion Post 25', '2024-05-09 22:06:23', 25),
(26, 'Question about Plant 26?', 'Content for Forum Discussion Post 26', '2024-05-09 22:06:23', 26),
(27, 'Question about Plant 27?', 'Content for Forum Discussion Post 27', '2024-05-09 22:06:23', 27),
(28, 'Question about Plant 28?', 'Content for Forum Discussion Post 28', '2024-05-09 22:06:23', 28),
(29, 'Question about Plant 29?', 'Content for Forum Discussion Post 29', '2024-05-09 22:06:23', 29),
(30, 'Question about Plant 30?', 'Content for Forum Discussion Post 30', '2024-05-09 22:06:23', 30),
(31, 'Question about Plant 31?', 'Content for Forum Discussion Post 31', '2024-05-09 22:06:23', 31),
(32, 'Question about Plant 32?', 'Content for Forum Discussion Post 32', '2024-05-09 22:06:23', 32),
(33, 'Question about Plant 33?', 'Content for Forum Discussion Post 33', '2024-05-09 22:06:23', 33),
(34, 'Question about Plant 34?', 'Content for Forum Discussion Post 34', '2024-05-09 22:06:23', 34),
(35, 'Question about Plant 35?', 'Content for Forum Discussion Post 35', '2024-05-09 22:06:23', 35),
(36, 'Question about Plant 36?', 'Content for Forum Discussion Post 36', '2024-05-09 22:06:23', 36),
(37, 'Question about Plant 37?', 'Content for Forum Discussion Post 37', '2024-05-09 22:06:23', 37),
(38, 'Question about Plant 38?', 'Content for Forum Discussion Post 38', '2024-05-09 22:06:23', 38),
(39, 'Question about Plant 39?', 'Content for Forum Discussion Post 39', '2024-05-09 22:06:23', 39),
(40, 'Question about Plant 40?', 'Content for Forum Discussion Post 40', '2024-05-09 22:06:23', 40),
(41, 'Question about Plant 41?', 'Content for Forum Discussion Post 41', '2024-05-09 22:06:23', 41),
(42, 'Question about Plant 42?', 'Content for Forum Discussion Post 42', '2024-05-09 22:06:23', 42),
(43, 'Question about Plant 43?', 'Content for Forum Discussion Post 43', '2024-05-09 22:06:23', 43),
(44, 'Question about Plant 44?', 'Content for Forum Discussion Post 44', '2024-05-09 22:06:23', 44),
(45, 'Question about Plant 45?', 'Content for Forum Discussion Post 45', '2024-05-09 22:06:23', 45),
(46, 'Question about Plant 46?', 'Content for Forum Discussion Post 46', '2024-05-09 22:06:23', 46),
(47, 'Question about Plant 47?', 'Content for Forum Discussion Post 47', '2024-05-09 22:06:23', 47),
(48, 'Question about Plant 48?', 'Content for Forum Discussion Post 48', '2024-05-09 22:06:23', 48),
(49, 'Question about Plant 49?', 'Content for Forum Discussion Post 49', '2024-05-09 22:06:23', 49),
(50, 'Question about Plant 50?', 'Content for Forum Discussion Post 50', '2024-05-09 22:06:23', 50),
(51, 'Question about Plant 51?', 'Content for Forum Discussion Post 51', '2024-05-09 22:06:23', 51),
(52, 'Question about Plant 52?', 'Content for Forum Discussion Post 52', '2024-05-09 22:06:23', 52),
(53, 'Question about Plant 53?', 'Content for Forum Discussion Post 53', '2024-05-09 22:06:23', 53),
(54, 'Question about Plant 54?', 'Content for Forum Discussion Post 54', '2024-05-09 22:06:23', 54),
(55, 'Question about Plant 55?', 'Content for Forum Discussion Post 55', '2024-05-09 22:06:23', 55),
(56, 'Question about Plant 56?', 'Content for Forum Discussion Post 56', '2024-05-09 22:06:23', 56),
(57, 'Question about Plant 57?', 'Content for Forum Discussion Post 57', '2024-05-09 22:06:23', 57),
(58, 'Question about Plant 58?', 'Content for Forum Discussion Post 58', '2024-05-09 22:06:23', 58),
(59, 'Question about Plant 59?', 'Content for Forum Discussion Post 59', '2024-05-09 22:06:23', 59),
(60, 'Question about Plant 60?', 'Content for Forum Discussion Post 60', '2024-05-09 22:06:23', 60),
(61, 'Question about Plant 61?', 'Content for Forum Discussion Post 61', '2024-05-09 22:06:23', 61),
(62, 'Question about Plant 62?', 'Content for Forum Discussion Post 62', '2024-05-09 22:06:23', 62),
(63, 'Question about Plant 63?', 'Content for Forum Discussion Post 63', '2024-05-09 22:06:23', 63),
(64, 'Question about Plant 64?', 'Content for Forum Discussion Post 64', '2024-05-09 22:06:23', 64),
(65, 'Question about Plant 65?', 'Content for Forum Discussion Post 65', '2024-05-09 22:06:23', 65),
(66, 'Question about Plant 66?', 'Content for Forum Discussion Post 66', '2024-05-09 22:06:23', 66),
(67, 'Question about Plant 67?', 'Content for Forum Discussion Post 67', '2024-05-09 22:06:23', 67),
(68, 'Question about Plant 68?', 'Content for Forum Discussion Post 68', '2024-05-09 22:06:23', 68),
(69, 'Question about Plant 69?', 'Content for Forum Discussion Post 69', '2024-05-09 22:06:23', 69),
(70, 'Question about Plant 70?', 'Content for Forum Discussion Post 70', '2024-05-09 22:06:23', 70),
(71, 'Question about Plant 71?', 'Content for Forum Discussion Post 71', '2024-05-09 22:06:23', 71),
(72, 'Question about Plant 72?', 'Content for Forum Discussion Post 72', '2024-05-09 22:06:23', 72),
(73, 'Question about Plant 73?', 'Content for Forum Discussion Post 73', '2024-05-09 22:06:23', 73),
(74, 'Question about Plant 74?', 'Content for Forum Discussion Post 74', '2024-05-09 22:06:23', 74),
(75, 'Question about Plant 75?', 'Content for Forum Discussion Post 75', '2024-05-09 22:06:23', 75),
(76, 'Question about Plant 76?', 'Content for Forum Discussion Post 76', '2024-05-09 22:06:23', 76),
(77, 'Question about Plant 77?', 'Content for Forum Discussion Post 77', '2024-05-09 22:06:23', 77),
(78, 'Question about Plant 78?', 'Content for Forum Discussion Post 78', '2024-05-09 22:06:23', 78),
(79, 'Question about Plant 79?', 'Content for Forum Discussion Post 79', '2024-05-09 22:06:23', 79),
(80, 'Question about Plant 80?', 'Content for Forum Discussion Post 80', '2024-05-09 22:06:23', 80),
(81, 'Question about Plant 81?', 'Content for Forum Discussion Post 81', '2024-05-09 22:06:23', 81),
(82, 'Question about Plant 82?', 'Content for Forum Discussion Post 82', '2024-05-09 22:06:23', 82),
(83, 'Question about Plant 83?', 'Content for Forum Discussion Post 83', '2024-05-09 22:06:23', 83),
(84, 'Question about Plant 84?', 'Content for Forum Discussion Post 84', '2024-05-09 22:06:23', 84),
(85, 'Question about Plant 85?', 'Content for Forum Discussion Post 85', '2024-05-09 22:06:23', 85),
(86, 'Question about Plant 86?', 'Content for Forum Discussion Post 86', '2024-05-09 22:06:23', 86),
(87, 'Question about Plant 87?', 'Content for Forum Discussion Post 87', '2024-05-09 22:06:23', 87),
(88, 'Question about Plant 88?', 'Content for Forum Discussion Post 88', '2024-05-09 22:06:23', 88),
(89, 'Question about Plant 89?', 'Content for Forum Discussion Post 89', '2024-05-09 22:06:23', 89),
(90, 'Question about Plant 90?', 'Content for Forum Discussion Post 90', '2024-05-09 22:06:23', 90),
(91, 'Question about Plant 91?', 'Content for Forum Discussion Post 91', '2024-05-09 22:06:23', 91),
(92, 'Question about Plant 92?', 'Content for Forum Discussion Post 92', '2024-05-09 22:06:23', 92),
(93, 'Question about Plant 93?', 'Content for Forum Discussion Post 93', '2024-05-09 22:06:23', 93),
(94, 'Question about Plant 94?', 'Content for Forum Discussion Post 94', '2024-05-09 22:06:23', 94),
(95, 'Question about Plant 95?', 'Content for Forum Discussion Post 95', '2024-05-09 22:06:23', 95),
(96, 'Question about Plant 96?', 'Content for Forum Discussion Post 96', '2024-05-09 22:06:23', 96),
(97, 'Question about Plant 97?', 'Content for Forum Discussion Post 97', '2024-05-09 22:06:23', 97),
(98, 'Question about Plant 98?', 'Content for Forum Discussion Post 98', '2024-05-09 22:06:23', 98),
(99, 'Question about Plant 99?', 'Content for Forum Discussion Post 99', '2024-05-09 22:06:23', 99),
(100, 'Question about Plant 100?', 'Content for Forum Discussion Post 100', '2024-05-09 22:06:23', 100);

-- --------------------------------------------------------

--
-- Table structure for table `likes`
--

CREATE TABLE `likes` (
  `likeid` int(11) NOT NULL,
  `created_at` datetime NOT NULL DEFAULT current_timestamp(),
  `userid` int(11) NOT NULL,
  `commentid` int(11) DEFAULT NULL,
  `forumid` int(11) DEFAULT NULL
) ENGINE=InnoDB DEFAULT CHARSET=utf8mb4 COLLATE=utf8mb4_general_ci;

--
-- Dumping data for table `likes`
--

INSERT INTO `likes` (`likeid`, `created_at`, `userid`, `commentid`, `forumid`) VALUES
(1, '2024-05-09 22:19:59', 300, 26, 26),
(2, '2024-05-09 22:19:59', 301, 27, 27),
(3, '2024-05-09 22:19:59', 302, 28, 28),
(4, '2024-05-09 22:19:59', 303, 29, 29),
(5, '2024-05-09 22:19:59', 304, 30, 30),
(6, '2024-05-09 22:19:59', 305, 31, 31),
(7, '2024-05-09 22:19:59', 306, 32, 32),
(8, '2024-05-09 22:19:59', 307, 33, 33),
(9, '2024-05-09 22:19:59', 308, 34, 34),
(10, '2024-05-09 22:19:59', 309, 35, 35),
(11, '2024-05-09 22:19:59', 310, 36, 36),
(12, '2024-05-09 22:19:59', 311, 37, 37),
(13, '2024-05-09 22:19:59', 312, 38, 38),
(14, '2024-05-09 22:19:59', 313, 39, 39),
(15, '2024-05-09 22:19:59', 314, 40, 40),
(16, '2024-05-09 22:19:59', 315, 41, 41),
(17, '2024-05-09 22:19:59', 316, 42, 42),
(18, '2024-05-09 22:19:59', 317, 43, 43),
(19, '2024-05-09 22:19:59', 318, 44, 44),
(20, '2024-05-09 22:19:59', 319, 45, 45),
(21, '2024-05-09 22:19:59', 320, 46, 46),
(22, '2024-05-09 22:19:59', 321, 47, 47),
(23, '2024-05-09 22:19:59', 322, 48, 48),
(24, '2024-05-09 22:19:59', 323, 49, 49),
(25, '2024-05-09 22:19:59', 324, 50, 50),
(26, '2024-05-09 22:19:59', 325, 1, NULL),
(27, '2024-05-09 22:19:59', 326, 2, NULL),
(28, '2024-05-09 22:19:59', 327, 3, NULL),
(29, '2024-05-09 22:19:59', 328, 4, NULL),
(30, '2024-05-09 22:19:59', 329, 5, NULL),
(31, '2024-05-09 22:19:59', 330, 6, NULL),
(32, '2024-05-09 22:19:59', 331, 7, NULL),
(33, '2024-05-09 22:19:59', 332, 8, NULL),
(34, '2024-05-09 22:19:59', 333, 9, NULL),
(35, '2024-05-09 22:19:59', 334, 10, NULL),
(36, '2024-05-09 22:19:59', 335, 11, NULL),
(37, '2024-05-09 22:19:59', 336, 12, NULL),
(38, '2024-05-09 22:19:59', 337, 13, NULL),
(39, '2024-05-09 22:19:59', 338, 14, NULL),
(40, '2024-05-09 22:19:59', 339, 15, NULL),
(41, '2024-05-09 22:19:59', 340, 16, NULL),
(42, '2024-05-09 22:19:59', 341, 17, NULL),
(43, '2024-05-09 22:19:59', 342, 18, NULL),
(44, '2024-05-09 22:19:59', 343, 19, NULL),
(45, '2024-05-09 22:19:59', 344, 20, NULL),
(46, '2024-05-09 22:19:59', 345, 21, NULL),
(47, '2024-05-09 22:19:59', 346, 22, NULL),
(48, '2024-05-09 22:19:59', 347, 23, NULL),
(49, '2024-05-09 22:19:59', 348, 24, NULL),
(50, '2024-05-09 22:19:59', 349, 25, NULL),
(51, '2024-05-09 22:19:59', 350, 51, NULL),
(52, '2024-05-09 22:19:59', 351, 52, NULL),
(53, '2024-05-09 22:19:59', 352, 53, NULL),
(54, '2024-05-09 22:19:59', 353, 54, NULL),
(55, '2024-05-09 22:19:59', 354, 55, NULL),
(56, '2024-05-09 22:19:59', 355, 56, NULL),
(57, '2024-05-09 22:19:59', 356, 57, NULL),
(58, '2024-05-09 22:19:59', 357, 58, NULL),
(59, '2024-05-09 22:19:59', 358, 59, NULL),
(60, '2024-05-09 22:19:59', 359, 60, NULL),
(61, '2024-05-09 22:19:59', 360, 61, NULL),
(62, '2024-05-09 22:19:59', 361, 62, NULL),
(63, '2024-05-09 22:19:59', 362, 63, NULL),
(64, '2024-05-09 22:19:59', 363, 64, NULL),
(65, '2024-05-09 22:19:59', 364, 65, NULL),
(66, '2024-05-09 22:19:59', 365, 66, NULL),
(67, '2024-05-09 22:19:59', 366, 67, NULL),
(68, '2024-05-09 22:19:59', 367, 68, NULL),
(69, '2024-05-09 22:19:59', 368, 69, NULL),
(70, '2024-05-09 22:19:59', 369, 70, NULL),
(71, '2024-05-09 22:19:59', 370, 71, NULL),
(72, '2024-05-09 22:19:59', 371, 72, NULL),
(73, '2024-05-09 22:19:59', 372, 73, NULL),
(74, '2024-05-09 22:19:59', 373, 74, NULL),
(75, '2024-05-09 22:19:59', 374, 75, NULL),
(76, '2024-05-09 22:19:59', 375, 76, NULL),
(77, '2024-05-09 22:19:59', 376, 77, NULL),
(78, '2024-05-09 22:19:59', 377, 78, NULL),
(79, '2024-05-09 22:19:59', 378, 79, NULL),
(80, '2024-05-09 22:19:59', 379, 80, NULL),
(81, '2024-05-09 22:19:59', 380, 81, NULL),
(82, '2024-05-09 22:19:59', 381, 82, NULL),
(83, '2024-05-09 22:19:59', 382, 83, NULL),
(84, '2024-05-09 22:19:59', 383, 84, NULL),
(85, '2024-05-09 22:19:59', 384, 85, NULL),
(86, '2024-05-09 22:19:59', 385, 86, NULL),
(87, '2024-05-09 22:19:59', 386, 87, NULL),
(88, '2024-05-09 22:19:59', 387, 88, NULL),
(89, '2024-05-09 22:19:59', 388, 89, NULL),
(90, '2024-05-09 22:19:59', 389, 90, NULL),
(91, '2024-05-09 22:19:59', 390, 91, NULL),
(92, '2024-05-09 22:19:59', 391, 92, NULL),
(93, '2024-05-09 22:19:59', 392, 93, NULL),
(94, '2024-05-09 22:19:59', 393, 94, NULL),
(95, '2024-05-09 22:19:59', 394, 95, NULL),
(96, '2024-05-09 22:19:59', 395, 96, NULL),
(97, '2024-05-09 22:19:59', 396, 97, NULL),
(98, '2024-05-09 22:19:59', 397, 98, NULL),
(99, '2024-05-09 22:19:59', 398, 99, NULL),
(100, '2024-05-09 22:19:59', 399, 100, NULL);

-- --------------------------------------------------------

--
-- Table structure for table `pageCategories`
--

CREATE TABLE `pageCategories` (
  `pageCategoryid` int(11) NOT NULL,
  `pageCategoryName` tinytext NOT NULL
) ENGINE=InnoDB DEFAULT CHARSET=utf8mb4 COLLATE=utf8mb4_general_ci;

--
-- Dumping data for table `pageCategories`
--

INSERT INTO `pageCategories` (`pageCategoryid`, `pageCategoryName`) VALUES
(1, 'plant'),
(2, 'fertilizer'),
(3, 'tool'),
(4, 'shop');

-- --------------------------------------------------------

--
-- Table structure for table `pages`
--

CREATE TABLE `pages` (
  `pageid` int(11) NOT NULL,
  `title` tinytext NOT NULL,
  `content` longtext NOT NULL,
  `image` mediumtext NOT NULL,
  `created_at` datetime NOT NULL DEFAULT current_timestamp(),
  `pageCategoryid` int(11) DEFAULT 0
) ENGINE=InnoDB DEFAULT CHARSET=utf8mb4 COLLATE=utf8mb4_general_ci;

--
-- Dumping data for table `pages`
--

INSERT INTO `pages` (`pageid`, `title`, `content`, `image`, `created_at`, `pageCategoryid`) VALUES
(1, 'Page 1', 'Content for Page 1', 'https://m.media-amazon.com/images/I/81mUoJjgvtS.jpg', '2024-05-09 22:00:02', 2),
(2, 'Page 2', 'Content for Page 2', 'www.link2.com', '2024-05-09 22:00:02', 2),
(3, 'Page 3', 'Content for Page 3', 'www.link3.com', '2024-05-09 22:00:02', 2),
(4, 'Page 4', 'Content for Page 4', 'www.link4.com', '2024-05-09 22:00:02', 2),
(5, 'Page 5', 'Content for Page 5', 'www.link5.com', '2024-05-09 22:00:02', 2),
(6, 'Page 6', 'Content for Page 6', 'www.link6.com', '2024-05-09 22:00:02', 2),
(7, 'Page 7', 'Content for Page 7', 'www.link7.com', '2024-05-09 22:00:02', 2),
(8, 'Page 8', 'Content for Page 8', 'www.link8.com', '2024-05-09 22:00:02', 2),
(9, 'Page 9', 'Content for Page 9', 'www.link9.com', '2024-05-09 22:00:02', 2),
(10, 'Page 10', 'Content for Page 10', 'www.link10.com', '2024-05-09 22:00:02', 2),
(11, 'Page 11', 'Content for Page 11', 'www.link11.com', '2024-05-09 22:00:02', 2),
(12, 'Page 12', 'Content for Page 12', 'www.link12.com', '2024-05-09 22:00:02', 2),
(13, 'Page 13', 'Content for Page 13', 'www.link13.com', '2024-05-09 22:00:02', 2),
(14, 'Page 14', 'Content for Page 14', 'www.link14.com', '2024-05-09 22:00:02', 2),
(15, 'Page 15', 'Content for Page 15', 'www.link15.com', '2024-05-09 22:00:02', 2),
(16, 'Page 16', 'Content for Page 16', 'www.link16.com', '2024-05-09 22:00:02', 2),
(17, 'Page 17', 'Content for Page 17', 'www.link17.com', '2024-05-09 22:00:02', 2),
(18, 'Page 18', 'Content for Page 18', 'www.link18.com', '2024-05-09 22:00:02', 2),
(19, 'Page 19', 'Content for Page 19', 'www.link19.com', '2024-05-09 22:00:02', 2),
(20, 'Page 20', 'Content for Page 20', 'www.link20.com', '2024-05-09 22:00:02', 2),
(21, 'Page 21', 'Content for Page 21', 'https://contentgrid.homedepot-static.com/hdus/en_US/DTCCOMNEW/Articles/how-to-grow-tomatoes-hero.jpg', '2024-05-09 22:00:02', 1),
(22, 'Page 22', 'Content for Page 22', 'www.link22.com', '2024-05-09 22:00:02', 1),
(23, 'Page 23', 'Content for Page 23', 'www.link23.com', '2024-05-09 22:00:02', 1),
(24, 'Page 24', 'Content for Page 24', 'www.link24.com', '2024-05-09 22:00:02', 1),
(25, 'Page 25', 'Content for Page 25', 'www.link25.com', '2024-05-09 22:00:02', 1),
(26, 'Page 26', 'Content for Page 26', 'www.link26.com', '2024-05-09 22:00:02', 1),
(27, 'Page 27', 'Content for Page 27', 'www.link27.com', '2024-05-09 22:00:02', 1),
(28, 'Page 28', 'Content for Page 28', 'www.link28.com', '2024-05-09 22:00:02', 1),
(29, 'Page 29', 'Content for Page 29', 'www.link29.com', '2024-05-09 22:00:02', 1),
(30, 'Page 30', 'Content for Page 30', 'www.link30.com', '2024-05-09 22:00:02', 1),
(31, 'Page 31', 'Content for Page 31', 'www.link31.com', '2024-05-09 22:00:02', 1),
(32, 'Page 32', 'Content for Page 32', 'www.link32.com', '2024-05-09 22:00:02', 1),
(33, 'Page 33', 'Content for Page 33', 'www.link33.com', '2024-05-09 22:00:02', 1),
(34, 'Page 34', 'Content for Page 34', 'www.link34.com', '2024-05-09 22:00:02', 1),
(35, 'Page 35', 'Content for Page 35', 'www.link35.com', '2024-05-09 22:00:02', 1),
(36, 'Page 36', 'Content for Page 36', 'www.link36.com', '2024-05-09 22:00:02', 1),
(37, 'Page 37', 'Content for Page 37', 'www.link37.com', '2024-05-09 22:00:02', 1),
(38, 'Page 38', 'Content for Page 38', 'www.link38.com', '2024-05-09 22:00:02', 1),
(39, 'Page 39', 'Content for Page 39', 'www.link39.com', '2024-05-09 22:00:02', 1),
(40, 'Page 40', 'Content for Page 40', 'www.link40.com', '2024-05-09 22:00:02', 1),
(41, 'Page 41', 'Content for Page 41', 'https://m.media-amazon.com/images/I/61OIsD-wFZS.jpg', '2024-05-09 22:00:02', 3),
(42, 'Page 42', 'Content for Page 42', 'www.link42.com', '2024-05-09 22:00:02', 3),
(43, 'Page 43', 'Content for Page 43', 'www.link43.com', '2024-05-09 22:00:02', 3),
(44, 'Page 44', 'Content for Page 44', 'www.link44.com', '2024-05-09 22:00:02', 3),
(45, 'Page 45', 'Content for Page 45', 'www.link45.com', '2024-05-09 22:00:02', 3),
(46, 'Page 46', 'Content for Page 46', 'www.link46.com', '2024-05-09 22:00:02', 3),
(47, 'Page 47', 'Content for Page 47', 'www.link47.com', '2024-05-09 22:00:02', 3),
(48, 'Page 48', 'Content for Page 48', 'www.link48.com', '2024-05-09 22:00:02', 3),
(49, 'Page 49', 'Content for Page 49', 'www.link49.com', '2024-05-09 22:00:02', 3),
(50, 'Page 50', 'Content for Page 50', 'www.link50.com', '2024-05-09 22:00:02', 3),
(51, 'Page 51', 'Content for Page 51', 'www.link51.com', '2024-05-09 22:00:02', 3),
(52, 'Page 52', 'Content for Page 52', 'www.link52.com', '2024-05-09 22:00:02', 3),
(53, 'Page 53', 'Content for Page 53', 'www.link53.com', '2024-05-09 22:00:02', 3),
(54, 'Page 54', 'Content for Page 54', 'www.link54.com', '2024-05-09 22:00:02', 3),
(55, 'Page 55', 'Content for Page 55', 'www.link55.com', '2024-05-09 22:00:02', 3),
(56, 'Page 56', 'Content for Page 56', 'www.link56.com', '2024-05-09 22:00:02', 3),
(57, 'Page 57', 'Content for Page 57', 'www.link57.com', '2024-05-09 22:00:02', 3),
(58, 'Page 58', 'Content for Page 58', 'www.link58.com', '2024-05-09 22:00:02', 3),
(59, 'Page 59', 'Content for Page 59', 'www.link59.com', '2024-05-09 22:00:02', 3),
(60, 'Page 60', 'Content for Page 60', 'www.link60.com', '2024-05-09 22:00:02', 3),
(61, 'Page 61', 'Content for Page 61', 'https://upload.wikimedia.org/wikipedia/commons/thumb/5/5f/TheHomeDepot.svg/1200px-TheHomeDepot.svg.png', '2024-05-09 22:00:02', 4),
(62, 'Page 62', 'Content for Page 62', 'www.link62.com', '2024-05-09 22:00:02', 4),
(63, 'Page 63', 'Content for Page 63', 'www.link63.com', '2024-05-09 22:00:02', 4),
(64, 'Page 64', 'Content for Page 64', 'www.link64.com', '2024-05-09 22:00:02', 4),
(65, 'Page 65', 'Content for Page 65', 'www.link65.com', '2024-05-09 22:00:02', 4),
(66, 'Page 66', 'Content for Page 66', 'www.link66.com', '2024-05-09 22:00:02', 4),
(67, 'Page 67', 'Content for Page 67', 'www.link67.com', '2024-05-09 22:00:02', 4),
(68, 'Page 68', 'Content for Page 68', 'www.link68.com', '2024-05-09 22:00:02', 4),
(69, 'Page 69', 'Content for Page 69', 'www.link69.com', '2024-05-09 22:00:02', 4),
(70, 'Page 70', 'Content for Page 70', 'www.link70.com', '2024-05-09 22:00:02', 4),
(71, 'Page 71', 'Content for Page 71', 'www.link71.com', '2024-05-09 22:00:02', 4),
(72, 'Page 72', 'Content for Page 72', 'www.link72.com', '2024-05-09 22:00:02', 4),
(73, 'Page 73', 'Content for Page 73', 'www.link73.com', '2024-05-09 22:00:02', 4),
(74, 'Page 74', 'Content for Page 74', 'www.link74.com', '2024-05-09 22:00:02', 4),
(75, 'Page 75', 'Content for Page 75', 'www.link75.com', '2024-05-09 22:00:02', 4),
(76, 'Page 76', 'Content for Page 76', 'www.link76.com', '2024-05-09 22:00:02', 4),
(77, 'Page 77', 'Content for Page 77', 'www.link77.com', '2024-05-09 22:00:02', 4),
(78, 'Page 78', 'Content for Page 78', 'www.link78.com', '2024-05-09 22:00:02', 4),
(79, 'Page 79', 'Content for Page 79', 'www.link79.com', '2024-05-09 22:00:02', 4),
(80, 'Page 80', 'Content for Page 80', 'www.link80.com', '2024-05-09 22:00:02', 4),
(81, 'Page 81', 'Content for Page 81', 'image_81.jpg', '2024-05-09 22:00:02', 2),
(82, 'Page 82', 'Content for Page 82', 'image_82.jpg', '2024-05-09 22:00:02', 2),
(83, 'Page 83', 'Content for Page 83', 'image_83.jpg', '2024-05-09 22:00:02', 2),
(84, 'Page 84', 'Content for Page 84', 'image_84.jpg', '2024-05-09 22:00:02', 2),
(85, 'Page 85', 'Content for Page 85', 'image_85.jpg', '2024-05-09 22:00:02', 2),
(86, 'Page 86', 'Content for Page 86', 'image_86.jpg', '2024-05-09 22:00:02', 2),
(87, 'Page 87', 'Content for Page 87', 'image_87.jpg', '2024-05-09 22:00:02', 2),
(88, 'Page 88', 'Content for Page 88', 'image_88.jpg', '2024-05-09 22:00:02', 2),
(89, 'Page 89', 'Content for Page 89', 'image_89.jpg', '2024-05-09 22:00:02', 2),
(90, 'Page 90', 'Content for Page 90', 'image_90.jpg', '2024-05-09 22:00:02', 2),
(91, 'Page 91', 'Content for Page 91', 'image_91.jpg', '2024-05-09 22:00:02', 2),
(92, 'Page 92', 'Content for Page 92', 'image_92.jpg', '2024-05-09 22:00:02', 2),
(93, 'Page 93', 'Content for Page 93', 'image_93.jpg', '2024-05-09 22:00:02', 2),
(94, 'Page 94', 'Content for Page 94', 'image_94.jpg', '2024-05-09 22:00:02', 2),
(95, 'Page 95', 'Content for Page 95', 'image_95.jpg', '2024-05-09 22:00:02', 2),
(96, 'Page 96', 'Content for Page 96', 'image_96.jpg', '2024-05-09 22:00:02', 2),
(97, 'Page 97', 'Content for Page 97', 'image_97.jpg', '2024-05-09 22:00:02', 2),
(98, 'Page 98', 'Content for Page 98', 'image_98.jpg', '2024-05-09 22:00:02', 2),
(99, 'Page 99', 'Content for Page 99', 'image_99.jpg', '2024-05-09 22:00:02', 2),
(100, 'Page 100', 'Content for Page 100', 'image_100.jpg', '2024-05-09 22:00:02', 2);

-- --------------------------------------------------------

--
-- Table structure for table `stars`
--

CREATE TABLE `stars` (
  `starid` int(11) NOT NULL,
  `created_at` datetime NOT NULL DEFAULT current_timestamp(),
  `userid` int(11) NOT NULL,
  `receiverid` int(11) NOT NULL
) ENGINE=InnoDB DEFAULT CHARSET=utf8mb4 COLLATE=utf8mb4_general_ci;

--
-- Dumping data for table `stars`
--

INSERT INTO `stars` (`starid`, `created_at`, `userid`, `receiverid`) VALUES
(1, '2024-05-09 22:01:55', 1, 101),
(2, '2024-05-09 22:01:55', 2, 102),
(3, '2024-05-09 22:01:55', 3, 103),
(4, '2024-05-09 22:01:55', 4, 104),
(5, '2024-05-09 22:01:55', 5, 105),
(6, '2024-05-09 22:01:55', 6, 106),
(7, '2024-05-09 22:01:55', 7, 107),
(8, '2024-05-09 22:01:55', 8, 108),
(9, '2024-05-09 22:01:55', 9, 109),
(10, '2024-05-09 22:01:55', 10, 110),
(11, '2024-05-09 22:01:55', 11, 111),
(12, '2024-05-09 22:01:55', 12, 112),
(13, '2024-05-09 22:01:55', 13, 113),
(14, '2024-05-09 22:01:55', 14, 114),
(15, '2024-05-09 22:01:55', 15, 115),
(16, '2024-05-09 22:01:55', 16, 116),
(17, '2024-05-09 22:01:55', 17, 117),
(18, '2024-05-09 22:01:55', 18, 118),
(19, '2024-05-09 22:01:55', 19, 119),
(20, '2024-05-09 22:01:55', 20, 120),
(21, '2024-05-09 22:01:55', 21, 121),
(22, '2024-05-09 22:01:55', 22, 122),
(23, '2024-05-09 22:01:55', 23, 123),
(24, '2024-05-09 22:01:55', 24, 124),
(25, '2024-05-09 22:01:55', 25, 125),
(26, '2024-05-09 22:01:55', 26, 126),
(27, '2024-05-09 22:01:55', 27, 127),
(28, '2024-05-09 22:01:55', 28, 128),
(29, '2024-05-09 22:01:55', 29, 129),
(30, '2024-05-09 22:01:55', 30, 130),
(31, '2024-05-09 22:01:55', 31, 131),
(32, '2024-05-09 22:01:55', 32, 132),
(33, '2024-05-09 22:01:55', 33, 133),
(34, '2024-05-09 22:01:55', 34, 134),
(35, '2024-05-09 22:01:55', 35, 135),
(36, '2024-05-09 22:01:55', 36, 136),
(37, '2024-05-09 22:01:55', 37, 137),
(38, '2024-05-09 22:01:55', 38, 138),
(39, '2024-05-09 22:01:55', 39, 139),
(40, '2024-05-09 22:01:55', 40, 140),
(41, '2024-05-09 22:01:55', 41, 141),
(42, '2024-05-09 22:01:55', 42, 142),
(43, '2024-05-09 22:01:55', 43, 143),
(44, '2024-05-09 22:01:55', 44, 144),
(45, '2024-05-09 22:01:55', 45, 145),
(46, '2024-05-09 22:01:55', 46, 146),
(47, '2024-05-09 22:01:55', 47, 147),
(48, '2024-05-09 22:01:55', 48, 148),
(49, '2024-05-09 22:01:55', 49, 149),
(50, '2024-05-09 22:01:55', 50, 150),
(51, '2024-05-09 22:01:55', 51, 151),
(52, '2024-05-09 22:01:55', 52, 152),
(53, '2024-05-09 22:01:55', 53, 153),
(54, '2024-05-09 22:01:55', 54, 154),
(55, '2024-05-09 22:01:55', 55, 155),
(56, '2024-05-09 22:01:55', 56, 156),
(57, '2024-05-09 22:01:55', 57, 157),
(58, '2024-05-09 22:01:55', 58, 158),
(59, '2024-05-09 22:01:55', 59, 159),
(60, '2024-05-09 22:01:55', 60, 160),
(61, '2024-05-09 22:01:55', 61, 161),
(62, '2024-05-09 22:01:55', 62, 162),
(63, '2024-05-09 22:01:55', 63, 163),
(64, '2024-05-09 22:01:55', 64, 164),
(65, '2024-05-09 22:01:55', 65, 165),
(66, '2024-05-09 22:01:55', 66, 166),
(67, '2024-05-09 22:01:55', 67, 167),
(68, '2024-05-09 22:01:55', 68, 168),
(69, '2024-05-09 22:01:55', 69, 169),
(70, '2024-05-09 22:01:55', 70, 170),
(71, '2024-05-09 22:01:55', 71, 171),
(72, '2024-05-09 22:01:55', 72, 172),
(73, '2024-05-09 22:01:55', 73, 173),
(74, '2024-05-09 22:01:55', 74, 174),
(75, '2024-05-09 22:01:55', 75, 175),
(76, '2024-05-09 22:01:55', 76, 176),
(77, '2024-05-09 22:01:55', 77, 177),
(78, '2024-05-09 22:01:55', 78, 178),
(79, '2024-05-09 22:01:55', 79, 179),
(80, '2024-05-09 22:01:55', 80, 180),
(81, '2024-05-09 22:01:55', 81, 181),
(82, '2024-05-09 22:01:55', 82, 182),
(83, '2024-05-09 22:01:55', 83, 183),
(84, '2024-05-09 22:01:55', 84, 184),
(85, '2024-05-09 22:01:55', 85, 185),
(86, '2024-05-09 22:01:55', 86, 186),
(87, '2024-05-09 22:01:55', 87, 187),
(88, '2024-05-09 22:01:55', 88, 188),
(89, '2024-05-09 22:01:55', 89, 189),
(90, '2024-05-09 22:01:55', 90, 190),
(91, '2024-05-09 22:01:55', 91, 191),
(92, '2024-05-09 22:01:55', 92, 192),
(93, '2024-05-09 22:01:55', 93, 193),
(94, '2024-05-09 22:01:55', 94, 194),
(95, '2024-05-09 22:01:55', 95, 195),
(96, '2024-05-09 22:01:55', 96, 196),
(97, '2024-05-09 22:01:55', 97, 197),
(98, '2024-05-09 22:01:55', 98, 198),
(99, '2024-05-09 22:01:55', 99, 199),
(100, '2024-05-09 22:01:55', 100, 200);

--
-- Indexes for dumped tables
--

--
-- Indexes for table `accounts`
--
ALTER TABLE `accounts`
  ADD PRIMARY KEY (`userid`),
  ADD UNIQUE KEY `userid` (`userid`),
  ADD UNIQUE KEY `username` (`username`) USING HASH,
  ADD UNIQUE KEY `email` (`email`) USING HASH;

--
-- Indexes for table `activities`
--
ALTER TABLE `activities`
  ADD PRIMARY KEY (`activityid`),
  ADD UNIQUE KEY `activityid` (`activityid`),
  ADD KEY `userid` (`userid`),
  ADD KEY `pageid` (`pageid`),
  ADD KEY `forumid` (`forumid`),
  ADD KEY `wallid` (`wallid`),
  ADD KEY `replyid` (`replyid`),
  ADD KEY `likeid` (`likeid`),
  ADD KEY `dislikeid` (`dislikeid`),
  ADD KEY `starid` (`starid`),
  ADD KEY `badgeid` (`badgeid`);

--
-- Indexes for table `badges`
--
ALTER TABLE `badges`
  ADD PRIMARY KEY (`badgeid`),
  ADD KEY `userid` (`userid`),
  ADD KEY `badgeTypeid` (`badgeTypeid`);

--
-- Indexes for table `badgeTypes`
--
ALTER TABLE `badgeTypes`
  ADD PRIMARY KEY (`badgeTypeid`),
  ADD UNIQUE KEY `badgeTypeid` (`badgeTypeid`),
  ADD UNIQUE KEY `badgeTypeName` (`badgeTypeName`) USING HASH;

--
-- Indexes for table `comments`
--
ALTER TABLE `comments`
  ADD PRIMARY KEY (`commentid`),
  ADD UNIQUE KEY `commentid` (`commentid`),
  ADD KEY `userid` (`userid`),
  ADD KEY `pageid` (`pageid`),
  ADD KEY `forumid` (`forumid`),
  ADD KEY `wallid` (`wallid`),
  ADD KEY `replyid` (`replyid`);

--
-- Indexes for table `dislikes`
--
ALTER TABLE `dislikes`
  ADD PRIMARY KEY (`dislikeid`),
  ADD KEY `userid` (`userid`),
  ADD KEY `commentid` (`commentid`),
  ADD KEY `forumid` (`forumid`);

--
-- Indexes for table `forums`
--
ALTER TABLE `forums`
  ADD PRIMARY KEY (`forumid`),
  ADD UNIQUE KEY `forumid` (`forumid`),
  ADD KEY `userid` (`userid`);

--
-- Indexes for table `likes`
--
ALTER TABLE `likes`
  ADD PRIMARY KEY (`likeid`),
  ADD KEY `userid` (`userid`),
  ADD KEY `commentid` (`commentid`),
  ADD KEY `forumid` (`forumid`);

--
-- Indexes for table `pageCategories`
--
ALTER TABLE `pageCategories`
  ADD PRIMARY KEY (`pageCategoryid`),
  ADD UNIQUE KEY `pageCategoryid` (`pageCategoryid`),
  ADD UNIQUE KEY `pageCategoryName` (`pageCategoryName`) USING HASH;

--
-- Indexes for table `pages`
--
ALTER TABLE `pages`
  ADD PRIMARY KEY (`pageid`),
  ADD UNIQUE KEY `title` (`title`) USING HASH,
  ADD KEY `pageCategoryid` (`pageCategoryid`);

--
-- Indexes for table `stars`
--
ALTER TABLE `stars`
  ADD PRIMARY KEY (`starid`),
  ADD KEY `userid` (`userid`),
  ADD KEY `receiverid` (`receiverid`);

--
-- AUTO_INCREMENT for dumped tables
--

--
-- AUTO_INCREMENT for table `accounts`
--
ALTER TABLE `accounts`
  MODIFY `userid` int(11) NOT NULL AUTO_INCREMENT, AUTO_INCREMENT=1001;

--
-- AUTO_INCREMENT for table `activities`
--
ALTER TABLE `activities`
  MODIFY `activityid` int(11) NOT NULL AUTO_INCREMENT, AUTO_INCREMENT=101;

--
-- AUTO_INCREMENT for table `badges`
--
ALTER TABLE `badges`
  MODIFY `badgeid` int(11) NOT NULL AUTO_INCREMENT, AUTO_INCREMENT=103;

--
-- AUTO_INCREMENT for table `badgeTypes`
--
ALTER TABLE `badgeTypes`
  MODIFY `badgeTypeid` int(11) NOT NULL AUTO_INCREMENT, AUTO_INCREMENT=9;

--
-- AUTO_INCREMENT for table `comments`
--
ALTER TABLE `comments`
  MODIFY `commentid` int(11) NOT NULL AUTO_INCREMENT, AUTO_INCREMENT=101;

--
-- AUTO_INCREMENT for table `dislikes`
--
ALTER TABLE `dislikes`
  MODIFY `dislikeid` int(11) NOT NULL AUTO_INCREMENT, AUTO_INCREMENT=101;

--
-- AUTO_INCREMENT for table `forums`
--
ALTER TABLE `forums`
  MODIFY `forumid` int(11) NOT NULL AUTO_INCREMENT, AUTO_INCREMENT=101;

--
-- AUTO_INCREMENT for table `likes`
--
ALTER TABLE `likes`
  MODIFY `likeid` int(11) NOT NULL AUTO_INCREMENT, AUTO_INCREMENT=101;

--
-- AUTO_INCREMENT for table `pageCategories`
--
ALTER TABLE `pageCategories`
  MODIFY `pageCategoryid` int(11) NOT NULL AUTO_INCREMENT, AUTO_INCREMENT=5;

--
-- AUTO_INCREMENT for table `pages`
--
ALTER TABLE `pages`
  MODIFY `pageid` int(11) NOT NULL AUTO_INCREMENT, AUTO_INCREMENT=101;

--
-- AUTO_INCREMENT for table `stars`
--
ALTER TABLE `stars`
  MODIFY `starid` int(11) NOT NULL AUTO_INCREMENT, AUTO_INCREMENT=101;

--
-- Constraints for dumped tables
--

--
-- Constraints for table `activities`
--
ALTER TABLE `activities`
  ADD CONSTRAINT `activities_ibfk_1` FOREIGN KEY (`userid`) REFERENCES `accounts` (`userid`) ON DELETE CASCADE,
  ADD CONSTRAINT `activities_ibfk_2` FOREIGN KEY (`pageid`) REFERENCES `pages` (`pageid`) ON DELETE CASCADE,
  ADD CONSTRAINT `activities_ibfk_3` FOREIGN KEY (`forumid`) REFERENCES `forums` (`forumid`) ON DELETE CASCADE,
  ADD CONSTRAINT `activities_ibfk_4` FOREIGN KEY (`wallid`) REFERENCES `accounts` (`userid`) ON DELETE CASCADE,
  ADD CONSTRAINT `activities_ibfk_5` FOREIGN KEY (`replyid`) REFERENCES `comments` (`commentid`) ON DELETE CASCADE,
  ADD CONSTRAINT `activities_ibfk_6` FOREIGN KEY (`likeid`) REFERENCES `likes` (`likeid`) ON DELETE CASCADE,
  ADD CONSTRAINT `activities_ibfk_7` FOREIGN KEY (`dislikeid`) REFERENCES `dislikes` (`dislikeid`) ON DELETE CASCADE,
  ADD CONSTRAINT `activities_ibfk_8` FOREIGN KEY (`starid`) REFERENCES `stars` (`starid`) ON DELETE CASCADE,
  ADD CONSTRAINT `activities_ibfk_9` FOREIGN KEY (`badgeid`) REFERENCES `badges` (`badgeid`) ON DELETE CASCADE;

--
-- Constraints for table `badges`
--
ALTER TABLE `badges`
  ADD CONSTRAINT `badges_ibfk_1` FOREIGN KEY (`userid`) REFERENCES `accounts` (`userid`) ON DELETE CASCADE,
  ADD CONSTRAINT `badges_ibfk_2` FOREIGN KEY (`badgeTypeid`) REFERENCES `badgeTypes` (`badgeTypeid`) ON DELETE CASCADE;

--
-- Constraints for table `comments`
--
ALTER TABLE `comments`
  ADD CONSTRAINT `comments_ibfk_1` FOREIGN KEY (`userid`) REFERENCES `accounts` (`userid`) ON DELETE CASCADE,
  ADD CONSTRAINT `comments_ibfk_2` FOREIGN KEY (`pageid`) REFERENCES `pages` (`pageid`) ON DELETE CASCADE,
  ADD CONSTRAINT `comments_ibfk_3` FOREIGN KEY (`forumid`) REFERENCES `forums` (`forumid`) ON DELETE CASCADE,
  ADD CONSTRAINT `comments_ibfk_4` FOREIGN KEY (`wallid`) REFERENCES `accounts` (`userid`) ON DELETE CASCADE,
  ADD CONSTRAINT `comments_ibfk_5` FOREIGN KEY (`replyid`) REFERENCES `comments` (`commentid`) ON DELETE CASCADE;

--
-- Constraints for table `dislikes`
--
ALTER TABLE `dislikes`
  ADD CONSTRAINT `dislikes_ibfk_1` FOREIGN KEY (`userid`) REFERENCES `accounts` (`userid`) ON DELETE CASCADE,
  ADD CONSTRAINT `dislikes_ibfk_2` FOREIGN KEY (`commentid`) REFERENCES `comments` (`commentid`) ON DELETE CASCADE,
  ADD CONSTRAINT `dislikes_ibfk_3` FOREIGN KEY (`forumid`) REFERENCES `forums` (`forumid`) ON DELETE CASCADE;

--
-- Constraints for table `forums`
--
ALTER TABLE `forums`
  ADD CONSTRAINT `forums_ibfk_1` FOREIGN KEY (`userid`) REFERENCES `accounts` (`userid`) ON DELETE CASCADE;

--
-- Constraints for table `likes`
--
ALTER TABLE `likes`
  ADD CONSTRAINT `likes_ibfk_1` FOREIGN KEY (`userid`) REFERENCES `accounts` (`userid`) ON DELETE CASCADE,
  ADD CONSTRAINT `likes_ibfk_2` FOREIGN KEY (`commentid`) REFERENCES `comments` (`commentid`) ON DELETE CASCADE,
  ADD CONSTRAINT `likes_ibfk_3` FOREIGN KEY (`forumid`) REFERENCES `forums` (`forumid`) ON DELETE CASCADE;

--
-- Constraints for table `pages`
--
ALTER TABLE `pages`
  ADD CONSTRAINT `pages_ibfk_1` FOREIGN KEY (`pageCategoryid`) REFERENCES `pageCategories` (`pageCategoryid`) ON DELETE CASCADE;

--
-- Constraints for table `stars`
--
ALTER TABLE `stars`
  ADD CONSTRAINT `stars_ibfk_1` FOREIGN KEY (`userid`) REFERENCES `accounts` (`userid`) ON DELETE CASCADE,
  ADD CONSTRAINT `stars_ibfk_2` FOREIGN KEY (`receiverid`) REFERENCES `accounts` (`userid`) ON DELETE CASCADE;
COMMIT;

/*!40101 SET CHARACTER_SET_CLIENT=@OLD_CHARACTER_SET_CLIENT */;
/*!40101 SET CHARACTER_SET_RESULTS=@OLD_CHARACTER_SET_RESULTS */;
/*!40101 SET COLLATION_CONNECTION=@OLD_COLLATION_CONNECTION */;
